# Blender 4.4.0
# www.blender.org
mtllib BatiseñalTexturizada.mtl
o one_bat_plane_bat_Cube.004
v -0.005026 2.478445 0.891934
v -0.435885 2.478445 0.891934
v -0.407161 2.080437 0.965418
v -0.005026 2.052008 0.970667
v -0.349714 1.682429 1.038903
v -0.005026 1.625570 1.049400
v -0.866744 2.478445 0.891934
v -0.809296 2.137295 0.954921
v -0.636953 1.853004 1.007409
v 0.397109 2.080437 0.965418
v 0.425833 2.478445 0.891934
v 0.799244 2.137295 0.954921
v 0.856692 2.478445 0.891934
v 0.339661 1.682429 1.038903
v 0.626900 1.853004 1.007409
v 0.397109 2.876453 0.818450
v -0.005026 2.904882 0.813201
v 0.339661 3.274461 0.744968
v -0.005026 3.331319 0.734470
v 0.799244 2.819595 0.828948
v 0.626900 3.103886 0.776459
v -0.407161 2.876453 0.818450
v -0.809296 2.819595 0.828948
v -0.349714 3.274461 0.744968
v -0.636953 3.103886 0.776459
v 0.004106 1.174562 0.566168
v 0.004106 1.515367 0.509084
v 0.244035 1.559545 0.501684
v 0.183066 1.174562 0.566168
v 0.183066 1.268917 1.129495
v 0.451154 1.174562 0.566168
v 0.451154 1.268917 1.129495
v 0.004106 1.268917 1.129495
v 0.244035 1.653901 1.065011
v 0.004106 1.609723 1.072411
v 0.029746 1.594476 1.074965
v 0.242817 1.633708 1.068393
v 0.551689 1.794921 1.041391
v 0.501799 1.538278 0.780468
v 0.501799 1.505111 0.582450
v 0.551689 1.700565 0.478064
v 0.516031 1.758942 1.047417
v 0.029746 1.588165 1.037291
v 0.242817 1.627398 1.030720
v 0.426750 1.291821 1.125659
v 0.516031 1.752632 1.009744
v 0.426750 1.285511 1.087985
v 0.188673 1.291821 1.125659
v 0.029746 1.291821 1.125659
v 0.188673 1.285511 1.087985
v 0.029746 1.285511 1.087985
v 0.466459 1.353380 0.811438
v 0.466459 1.320212 0.613420
v 0.529455 1.520070 0.766520
v 0.529455 1.492442 0.601570
v 0.500017 1.338420 0.627368
v 0.523252 1.465809 0.641763
v 0.506220 1.376696 0.656689
v 0.500017 1.366049 0.792318
v 0.523252 1.481794 0.737199
v 0.506220 1.392681 0.752125
v 0.534420 1.392681 0.752125
v 0.551452 1.481794 0.737199
v 0.534420 1.376696 0.656689
v 0.551452 1.465809 0.641763
v -0.174855 1.174562 0.566168
v -0.235823 1.559545 0.501684
v -0.174855 1.268917 1.129495
v -0.442942 1.268917 1.129495
v -0.442942 1.174562 0.566168
v -0.235823 1.653901 1.065011
v -0.234606 1.633708 1.068393
v -0.021535 1.594476 1.074965
v -0.543478 1.700565 0.478064
v -0.493587 1.505111 0.582450
v -0.493587 1.538278 0.780468
v -0.543478 1.794921 1.041391
v -0.507820 1.758942 1.047417
v -0.234606 1.627398 1.030720
v -0.021535 1.588165 1.037291
v -0.418539 1.291821 1.125659
v -0.418539 1.285511 1.087985
v -0.507820 1.752632 1.009744
v -0.021535 1.291821 1.125659
v -0.180462 1.291821 1.125659
v -0.180462 1.285511 1.087985
v -0.021535 1.285511 1.087985
v -0.458248 1.353380 0.811438
v -0.458248 1.320212 0.613420
v -0.521244 1.492442 0.601570
v -0.521244 1.520070 0.766520
v -0.491806 1.338420 0.627368
v -0.498009 1.376696 0.656689
v -0.515041 1.465809 0.641763
v -0.491806 1.366049 0.792318
v -0.515041 1.481794 0.737199
v -0.543241 1.481794 0.737199
v -0.526209 1.392681 0.752125
v -0.498009 1.392681 0.752125
v -0.526209 1.376696 0.656689
v -0.543241 1.465809 0.641763
v -1.024327 2.223784 0.370696
v -1.026867 2.503940 0.314255
v -0.843989 2.505811 0.315309
v -0.841448 2.225655 0.371750
v 1.015324 2.230080 0.413039
v 1.017864 2.510466 0.357754
v 0.834986 2.511790 0.356063
v 0.832446 2.231404 0.411349
v 1.023676 2.019342 -0.655445
v 1.023344 2.027719 -0.612971
v 0.840466 2.029043 -0.614662
v 0.840798 2.020666 -0.657136
v 1.025885 2.308106 -0.668257
v 1.026217 2.299729 -0.710731
v 0.843339 2.301052 -0.712421
v 0.843007 2.309430 -0.669947
v 1.018173 2.502682 0.318284
v 0.835295 2.504006 0.316593
v -1.075554 2.025000 -0.616380
v -1.078094 2.305156 -0.672821
v -1.077786 2.297213 -0.712259
v -1.075245 2.017056 -0.655818
v 1.015632 2.222295 0.373570
v 0.832754 2.223619 0.371879
v 1.082284 2.028002 -0.611654
v 1.084824 2.308389 -0.666940
v 1.077112 2.502964 0.319601
v 1.074572 2.222578 0.374887
v -1.083266 2.223540 0.369371
v -1.024658 2.232332 0.413136
v -1.083598 2.232088 0.411811
v -1.085807 2.503696 0.312930
v -1.086139 2.512244 0.355370
v -1.027199 2.512488 0.356694
v 1.076804 2.510749 0.359071
v 1.074263 2.230363 0.414357
v 1.082616 2.019625 -0.654128
v 1.085156 2.300011 -0.709414
v -1.018847 2.297456 -0.710934
v -1.016306 2.017300 -0.654493
v -1.019155 2.305400 -0.671496
v -1.016614 2.025243 -0.615055
v -0.833428 2.019171 -0.653439
v -0.833736 2.027114 -0.614001
v -0.836277 2.307271 -0.670442
v -0.841780 2.234202 0.414190
v -0.844321 2.514359 0.357748
v -0.835969 2.299327 -0.709880
v 1.166373 2.248891 -0.129061
v 1.166373 2.245555 -0.146352
v 1.156475 2.246234 -0.146878
v 1.156475 2.249717 -0.128825
v 1.168644 2.244180 -0.145286
v 1.168644 2.247219 -0.129539
v 1.231479 2.247219 -0.129539
v 1.231479 2.244180 -0.145286
v 1.168644 2.211954 -0.139068
v 1.231479 2.211954 -0.139068
v 1.231479 2.214992 -0.123320
v 1.168644 2.214992 -0.123320
v 1.166373 2.210282 -0.139546
v 1.166373 2.213618 -0.122255
v 1.156475 2.212939 -0.121728
v 1.156475 2.209455 -0.139782
v 1.079219 2.223366 -0.170551
v 1.166686 2.244254 -0.147065
v 1.166686 2.247947 -0.127714
v 1.079219 2.237311 -0.098283
v 1.166686 2.281050 -0.134229
v 1.166686 2.277328 -0.153520
v 1.166373 2.315116 -0.141839
v 1.155980 2.315690 -0.141534
v 1.155980 2.279423 -0.134536
v 1.166370 2.280195 -0.134796
v 1.168644 2.310405 -0.158064
v 1.166373 2.311780 -0.159130
v 1.168644 2.313444 -0.142317
v 1.230965 2.313444 -0.142317
v 1.230965 2.310405 -0.158064
v 1.168644 2.278415 -0.152196
v 1.166370 2.276745 -0.152675
v 1.155980 2.312199 -0.159627
v 1.155980 2.275932 -0.152629
v 1.230965 2.278415 -0.152196
v 1.168644 2.281567 -0.135862
v 1.230965 2.281567 -0.135862
v 1.079219 2.287488 -0.182924
v 1.079219 2.301389 -0.110880
v 0.641372 0.897178 -0.281681
v 0.641372 0.897178 0.025477
v 1.300811 1.423582 -0.052598
v 1.300811 1.423582 -0.203606
v -0.946118 0.443731 0.025477
v 0.946221 0.443731 0.025477
v -0.641269 0.897178 0.025477
v -0.946118 0.443731 -0.281682
v 0.946221 0.443730 -0.281681
v -0.641269 0.897178 -0.281682
v 1.355172 1.995296 -0.046698
v 1.355172 1.995296 -0.209506
v 1.450683 1.200656 -0.203606
v 1.450683 1.200656 -0.052598
v 1.458237 1.995296 -0.209506
v 1.458237 1.995296 -0.046698
v 1.608564 2.565725 -0.436078
v 1.214755 2.565725 -0.436078
v 1.214132 2.565260 -0.161897
v 1.609187 2.565260 -0.161897
v 1.214755 1.978537 -0.436078
v 1.608564 1.978537 -0.436078
v 1.609187 1.979002 -0.161897
v 1.216080 1.978725 -0.159642
v 1.215067 1.977608 -0.115370
v 1.609187 1.979002 -0.115370
v 1.608564 1.978537 0.158811
v 1.214755 1.978537 0.158811
v 1.609187 2.565260 -0.115370
v 1.214882 2.563750 -0.117625
v 1.214755 2.565724 0.158811
v 1.608564 2.565724 0.158811
v -1.215863 1.978725 -0.117626
v -1.213916 2.565260 -0.115370
v -1.214539 2.565724 0.158811
v -1.214539 1.978537 0.158811
v -1.229425 1.997560 -0.142209
v -1.227297 2.543529 -0.142209
v -1.227297 2.543529 -0.135058
v -1.229425 1.997560 -0.135058
v 1.595806 2.543529 -0.142209
v 1.227513 2.543529 -0.142209
v 1.227513 2.543529 -0.135058
v 1.595806 2.543529 -0.135058
v 1.229641 1.997560 -0.135058
v 1.229641 1.997560 -0.142209
v -1.608348 1.978537 -0.436078
v -1.608348 2.565725 -0.436078
v -1.214539 2.565725 -0.436078
v -1.214539 1.978537 -0.436078
v -1.595590 2.543529 -0.135058
v -1.595590 2.543529 -0.142209
v -1.608348 2.565724 0.158811
v -1.608348 1.978537 0.158811
v 1.595806 2.000733 -0.142209
v 1.595806 2.000733 -0.135058
v -1.595590 2.000733 -0.135058
v -1.595590 2.000733 -0.142209
v -1.608971 1.979002 -0.161897
v -1.608971 2.565260 -0.161897
v -1.214665 2.563750 -0.159642
v -1.608971 2.565260 -0.115370
v -1.608971 1.979002 -0.115370
v -1.214850 1.977608 -0.161897
v -1.168540 2.215343 -0.123084
v -1.168540 2.246983 -0.129189
v -1.267405 2.246983 -0.129189
v -1.267405 2.215343 -0.123084
v -1.168540 2.243831 -0.145523
v -1.168540 2.212191 -0.139418
v -1.267405 2.212191 -0.139418
v -1.267405 2.243831 -0.145523
v -1.166266 2.245203 -0.146589
v -1.156375 2.245882 -0.147115
v -1.156375 2.209695 -0.140133
v -1.166266 2.210521 -0.139897
v -1.166266 2.213971 -0.122018
v -1.156375 2.213292 -0.121491
v -1.156375 2.249479 -0.128474
v -1.166266 2.248653 -0.128710
v -1.079116 2.232691 -0.172884
v -1.079116 2.246833 -0.099590
v -1.151247 2.242900 -0.117140
v -1.151247 2.235598 -0.155107
v -1.151247 2.289269 -0.126265
v -1.166582 2.281051 -0.134229
v -1.166582 2.247947 -0.127714
v -1.166582 2.277328 -0.153520
v -1.166582 2.244254 -0.147065
v -1.151247 2.281965 -0.164117
v -1.168540 2.281568 -0.135862
v -1.168540 2.313208 -0.141967
v -1.267405 2.313208 -0.141967
v -1.267405 2.281568 -0.135862
v -1.166266 2.311428 -0.159367
v -1.168540 2.310056 -0.158301
v -1.166266 2.314878 -0.141488
v -1.168540 2.278416 -0.152196
v -1.267405 2.278416 -0.152196
v -1.267405 2.310056 -0.158301
v -1.156375 2.312107 -0.159894
v -1.156375 2.275920 -0.152911
v -1.166266 2.276746 -0.152675
v -1.166266 2.280195 -0.134796
v -1.156375 2.279517 -0.134270
v -1.156375 2.315703 -0.141252
v -1.079116 2.277966 -0.181620
v -1.079116 2.292108 -0.108326
v -1.300707 1.423583 -0.203606
v -1.300707 1.423583 -0.052598
v -1.355068 1.995296 -0.209506
v -1.355068 1.995296 -0.046698
v -1.450579 1.200656 -0.203606
v -1.450579 1.200656 -0.052598
v -1.458133 1.995296 -0.209506
v -1.458133 1.995296 -0.046698
v 0.000052 0.444621 -0.708075
v 0.136204 0.444621 -0.694665
v 0.153831 0.296818 -0.783283
v 0.000052 0.296819 -0.798429
v 0.267123 0.444621 -0.654951
v 0.301700 0.296819 -0.738427
v 0.387779 0.444621 -0.590459
v 0.437977 0.296819 -0.665586
v 0.493535 0.444621 -0.503667
v 0.557425 0.296819 -0.567557
v 0.580327 0.444621 -0.397912
v 0.655453 0.296819 -0.448109
v 0.644819 0.444621 -0.277255
v 0.728295 0.296818 -0.311832
v 0.684533 0.444621 -0.146336
v 0.773151 0.296819 -0.163963
v 0.697942 0.444621 -0.010184
v 0.788296 0.296819 -0.010184
v 0.684533 0.444621 0.125968
v 0.773151 0.296819 0.143595
v 0.644819 0.444621 0.256887
v 0.728295 0.296818 0.291464
v 0.580327 0.444621 0.377543
v 0.655453 0.296819 0.427741
v 0.493535 0.444621 0.483299
v 0.557425 0.296818 0.547189
v 0.387779 0.444621 0.570091
v 0.437977 0.296818 0.645217
v 0.267123 0.444621 0.634583
v 0.301700 0.296819 0.718059
v 0.136203 0.444621 0.674297
v 0.153830 0.296819 0.762915
v 0.000052 0.444621 0.687706
v 0.000052 0.296818 0.778060
v -0.136100 0.444621 0.674296
v -0.153727 0.296819 0.762914
v -0.267020 0.444621 0.634582
v -0.301597 0.296819 0.718059
v -0.387676 0.444621 0.570090
v -0.437874 0.296818 0.645217
v -0.493432 0.444621 0.483299
v -0.557322 0.296818 0.547189
v -0.580223 0.444621 0.377543
v -0.655350 0.296819 0.427740
v -0.644715 0.444621 0.256886
v -0.728191 0.296818 0.291463
v -0.684429 0.444621 0.125967
v -0.773047 0.296818 0.143594
v -0.697839 0.444621 -0.010185
v -0.788193 0.296818 -0.010185
v -0.684429 0.444621 -0.146337
v -0.773047 0.296819 -0.163964
v -0.644715 0.444621 -0.277256
v -0.728191 0.296819 -0.311833
v -0.580223 0.444621 -0.397912
v -0.655349 0.296819 -0.448110
v -0.493431 0.444621 -0.503668
v -0.557320 0.296819 -0.567558
v -0.387675 0.444621 -0.590459
v -0.437873 0.296819 -0.665586
v -0.267018 0.444621 -0.654951
v -0.301595 0.296819 -0.738428
v -0.136099 0.444621 -0.694665
v -0.153726 0.296819 -0.783283
v 0.000052 0.444621 -0.281093
v 0.076079 0.444621 -0.273605
v 0.147295 0.444621 -0.252002
v 0.209455 0.444621 -0.218777
v 0.259462 0.444621 -0.177737
v 0.295899 0.444621 -0.133339
v 0.319288 0.444621 -0.089580
v 0.331699 0.444621 -0.048667
v 0.335490 0.444621 -0.010184
v 0.331699 0.444621 0.028298
v 0.319289 0.444621 0.069211
v 0.295899 0.444621 0.112971
v 0.259462 0.444621 0.157369
v 0.209455 0.444621 0.198408
v 0.147295 0.444621 0.231634
v 0.076079 0.444621 0.253237
v 0.000052 0.444621 0.260725
v -0.075976 0.444621 0.253237
v -0.147192 0.444621 0.231634
v -0.209351 0.444621 0.198408
v -0.259358 0.444621 0.157369
v -0.295795 0.444621 0.112970
v -0.319185 0.444621 0.069212
v -0.331596 0.444621 0.028298
v -0.335386 0.444621 -0.010184
v -0.331596 0.444621 -0.048667
v -0.319185 0.444621 -0.089581
v -0.295795 0.444621 -0.133339
v -0.259358 0.444621 -0.177738
v -0.209351 0.444621 -0.218777
v -0.147191 0.444621 -0.252002
v -0.075975 0.444621 -0.273605
v 0.000052 0.444621 -0.010184
v -1.369553 0.123572 1.359420
v 1.369656 0.123572 1.359420
v 1.122699 0.123573 1.112463
v -1.122595 0.123573 1.112463
v 1.369656 0.123573 -1.379788
v -1.369553 0.123573 -1.379788
v -1.122595 0.123573 -1.132831
v 1.122699 0.123573 -1.132831
v 1.493311 -0.123572 -1.503443
v -1.493207 -0.123572 -1.503443
v 1.493311 -0.123572 1.483075
v -1.493207 -0.123572 1.483075
v 0.976584 0.296735 -0.986716
v -0.976480 0.296735 -0.986716
v -0.976480 0.296735 0.966348
v 0.976584 0.296735 0.966348
v -0.638898 0.892486 0.043695
v -0.638898 0.677374 0.043695
v -0.638898 0.676843 0.288864
v -0.638898 0.893017 0.148600
v -0.564375 0.676843 0.288864
v -0.564375 0.893017 0.148600
v -0.638898 0.455672 0.043695
v -0.638898 0.455672 0.290657
v -0.564375 0.677374 0.043695
v -0.564375 0.892486 0.043695
v -0.564375 0.455672 0.290657
v -0.564375 0.455672 0.043695
v -0.501217 0.892486 0.043695
v -0.501217 0.677374 0.043695
v -0.501217 0.676843 0.288864
v -0.501217 0.893017 0.148600
v -0.426694 0.676843 0.288864
v -0.426694 0.893017 0.148600
v -0.501217 0.455672 0.043695
v -0.501217 0.455672 0.290657
v -0.426694 0.677374 0.043695
v -0.426694 0.892486 0.043695
v -0.426694 0.455672 0.290657
v -0.426694 0.455672 0.043695
v 0.415889 0.674079 0.290657
v 0.415889 0.895781 0.146807
v 0.415889 0.895781 0.043695
v 0.415889 0.674079 0.043695
v 0.492379 0.674079 0.043695
v 0.492379 0.895781 0.043695
v 0.492379 0.895781 0.146807
v 0.492379 0.674079 0.290657
v 0.492379 0.452378 0.290657
v 0.415889 0.452378 0.290657
v 0.492379 0.452378 0.043695
v 0.415889 0.452378 0.043695
v 0.553570 0.674079 0.290657
v 0.553570 0.895781 0.146807
v 0.553570 0.895781 0.043695
v 0.553570 0.674079 0.043695
v 0.630059 0.674079 0.043695
v 0.630059 0.895781 0.043695
v 0.630059 0.895781 0.146807
v 0.630059 0.674079 0.290657
v 0.630059 0.452378 0.290657
v 0.553570 0.452378 0.290657
v 0.630059 0.452378 0.043695
v 0.553570 0.452378 0.043695
v -0.107986 0.674079 0.290657
v -0.107986 0.895781 0.146807
v -0.107986 0.895781 0.043695
v -0.107986 0.674079 0.043695
v -0.031497 0.674079 0.043695
v -0.031497 0.895781 0.043695
v -0.031497 0.895781 0.146807
v -0.031497 0.674079 0.290657
v -0.031497 0.452378 0.290657
v -0.107986 0.452378 0.290657
v -0.031497 0.452378 0.043695
v -0.107986 0.452378 0.043695
v 0.029694 0.674079 0.290657
v 0.029694 0.895781 0.146807
v 0.029694 0.895781 0.043695
v 0.029694 0.674079 0.043695
v 0.106183 0.674079 0.043695
v 0.106183 0.895781 0.043695
v 0.106183 0.895781 0.146807
v 0.106183 0.674079 0.290657
v 0.106183 0.452378 0.290657
v 0.029694 0.452378 0.290657
v 0.106183 0.452378 0.043695
v 0.029694 0.452378 0.043695
v 1.608054 2.146723 -0.211319
v 1.608054 2.163165 -0.229828
v 1.650176 2.163165 -0.221189
v 1.639045 2.146723 -0.204531
v 1.608054 2.307244 -0.256306
v 1.608054 2.330101 -0.245018
v 1.659310 2.330101 -0.234860
v 1.666098 2.307244 -0.245018
v 1.608054 2.134505 -0.190201
v 1.626346 2.134505 -0.185526
v 1.608054 2.282443 -0.263256
v 1.670278 2.282443 -0.251274
v 1.608054 2.126982 -0.167288
v 1.608054 2.126982 -0.164904
v 1.608054 2.256650 -0.265603
v 1.671689 2.256650 -0.253386
v 1.608054 2.230858 -0.263256
v 1.670278 2.230858 -0.251274
v 1.608054 2.378795 -0.190201
v 1.608054 2.386318 -0.167288
v 1.608054 2.386318 -0.164904
v 1.626346 2.378795 -0.185526
v 1.608054 2.206056 -0.256306
v 1.666098 2.206056 -0.245018
v 1.608054 2.366578 -0.211318
v 1.639045 2.366578 -0.204531
v 1.608054 2.183199 -0.245018
v 1.659310 2.183199 -0.234860
v 1.608054 2.350136 -0.229828
v 1.650176 2.350136 -0.221189
v 1.608054 2.386318 -0.161697
v 1.634013 2.378795 -0.179234
v 1.689927 2.230858 -0.235148
v 1.684607 2.206056 -0.229828
v 1.650176 2.366578 -0.195396
v 1.675968 2.183199 -0.221189
v 1.664342 2.350136 -0.209563
v 1.664342 2.163165 -0.209563
v 1.675968 2.330101 -0.221189
v 1.650176 2.146723 -0.195396
v 1.684607 2.307244 -0.229828
v 1.634013 2.134505 -0.179234
v 1.689927 2.282443 -0.235148
v 1.608054 2.126982 -0.161697
v 1.691723 2.256650 -0.236944
v 1.689639 2.330101 -0.204531
v 1.699798 2.307244 -0.211319
v 1.659310 2.146723 -0.184266
v 1.640305 2.134505 -0.171567
v 1.706053 2.282443 -0.215498
v 1.608054 2.126982 -0.157788
v 1.708165 2.256650 -0.216910
v 1.706053 2.230858 -0.215498
v 1.608054 2.386318 -0.157788
v 1.640305 2.378795 -0.171567
v 1.699798 2.206056 -0.211319
v 1.659310 2.366578 -0.184266
v 1.689639 2.183199 -0.204531
v 1.675968 2.350136 -0.195396
v 1.675968 2.163164 -0.195396
v 1.718036 2.230858 -0.193080
v 1.711085 2.206056 -0.190201
v 1.644981 2.378795 -0.162820
v 1.666098 2.366578 -0.171567
v 1.699798 2.183199 -0.185526
v 1.684607 2.350136 -0.179234
v 1.684607 2.163165 -0.179234
v 1.699798 2.330101 -0.185526
v 1.666098 2.146723 -0.171567
v 1.711085 2.307244 -0.190201
v 1.644981 2.134505 -0.162820
v 1.718036 2.282443 -0.193080
v 1.608054 2.126982 -0.153329
v 1.720383 2.256650 -0.194052
v 1.608054 2.386318 -0.153329
v 1.670278 2.146723 -0.157788
v 1.647860 2.134505 -0.153329
v 1.718036 2.307244 -0.167288
v 1.725415 2.282443 -0.168756
v 1.608054 2.126982 -0.148490
v 1.727906 2.256650 -0.169251
v 1.725415 2.230858 -0.168756
v 1.608054 2.386318 -0.148490
v 1.647860 2.378795 -0.153329
v 1.718036 2.206056 -0.167288
v 1.670278 2.366578 -0.157788
v 1.706053 2.183199 -0.164904
v 1.689927 2.350136 -0.161697
v 1.689927 2.163164 -0.161697
v 1.706053 2.330101 -0.164904
v 1.720383 2.206056 -0.143458
v 1.708165 2.183199 -0.143458
v 1.671689 2.366578 -0.143458
v 1.691723 2.350136 -0.143458
v 1.691723 2.163165 -0.143459
v 1.708165 2.330101 -0.143459
v 1.671689 2.146723 -0.143458
v 1.720383 2.307244 -0.143459
v 1.648832 2.134505 -0.143458
v 1.727906 2.282443 -0.143458
v 1.608054 2.126982 -0.143459
v 1.730446 2.256650 -0.143458
v 1.727906 2.230858 -0.143458
v 1.608054 2.386318 -0.143459
v 1.648832 2.378795 -0.143458
v 1.647860 2.134505 -0.133588
v 1.608054 2.126982 -0.138427
v 1.725415 2.282443 -0.118161
v 1.727906 2.256650 -0.117666
v 1.725415 2.230858 -0.118161
v 1.608054 2.386318 -0.138427
v 1.647860 2.378795 -0.133588
v 1.718036 2.206056 -0.119629
v 1.670278 2.366578 -0.129129
v 1.706053 2.183199 -0.122013
v 1.689927 2.350136 -0.125220
v 1.689927 2.163165 -0.125220
v 1.706053 2.330101 -0.122013
v 1.670278 2.146723 -0.129129
v 1.718036 2.307244 -0.119629
v 1.666098 2.366578 -0.115350
v 1.684607 2.350136 -0.107683
v 1.699798 2.183199 -0.101391
v 1.684607 2.163165 -0.107683
v 1.699798 2.330101 -0.101391
v 1.666098 2.146723 -0.115350
v 1.711085 2.307244 -0.096716
v 1.644981 2.134505 -0.124097
v 1.718036 2.282443 -0.093837
v 1.608054 2.126982 -0.133588
v 1.720383 2.256650 -0.092864
v 1.718036 2.230858 -0.093837
v 1.608054 2.386318 -0.133588
v 1.644981 2.378795 -0.124097
v 1.711085 2.206056 -0.096716
v 1.706053 2.282443 -0.071419
v 1.708165 2.256650 -0.070007
v 1.706053 2.230858 -0.071419
v 1.608054 2.386318 -0.129129
v 1.640305 2.378795 -0.115350
v 1.699798 2.206056 -0.075598
v 1.659310 2.366578 -0.102651
v 1.689639 2.183199 -0.082386
v 1.675968 2.350136 -0.091521
v 1.675968 2.163164 -0.091521
v 1.689639 2.330101 -0.082386
v 1.659310 2.146723 -0.102651
v 1.699798 2.307244 -0.075598
v 1.640305 2.134505 -0.115350
v 1.608054 2.126982 -0.129129
v 1.675968 2.183199 -0.065728
v 1.664342 2.163165 -0.077354
v 1.664342 2.350136 -0.077354
v 1.675968 2.330101 -0.065728
v 1.650176 2.146723 -0.091521
v 1.684607 2.307244 -0.057089
v 1.634013 2.134505 -0.107683
v 1.689927 2.282443 -0.051769
v 1.608054 2.126982 -0.125220
v 1.691723 2.256650 -0.049973
v 1.689927 2.230858 -0.051769
v 1.608054 2.386318 -0.125220
v 1.634013 2.378795 -0.107683
v 1.684607 2.206056 -0.057089
v 1.650176 2.366578 -0.091521
v 1.671689 2.256650 -0.033531
v 1.670278 2.230858 -0.035643
v 1.608054 2.386318 -0.122013
v 1.626346 2.378795 -0.101391
v 1.666098 2.206056 -0.041899
v 1.639045 2.366578 -0.082386
v 1.659310 2.183199 -0.052057
v 1.650176 2.350136 -0.065728
v 1.650176 2.163165 -0.065728
v 1.659310 2.330101 -0.052057
v 1.639045 2.146723 -0.082386
v 1.666098 2.307244 -0.041899
v 1.626346 2.134505 -0.101391
v 1.670278 2.282443 -0.035643
v 1.608054 2.126982 -0.122013
v 1.608054 2.350136 -0.057089
v 1.608054 2.330101 -0.041899
v 1.608054 2.163165 -0.057089
v 1.608054 2.146723 -0.075598
v 1.608054 2.307244 -0.030611
v 1.608054 2.134505 -0.096716
v 1.608054 2.282443 -0.023661
v 1.608054 2.126982 -0.119629
v 1.608054 2.256650 -0.021314
v 1.608054 2.230858 -0.023661
v 1.608054 2.386318 -0.119629
v 1.608054 2.378795 -0.096716
v 1.608054 2.206056 -0.030611
v 1.608054 2.366578 -0.075598
v 1.608054 2.183199 -0.041899
v -1.607951 2.146723 -0.211319
v -1.638941 2.146723 -0.204531
v -1.650072 2.163165 -0.221189
v -1.607951 2.163165 -0.229828
v -1.607951 2.307245 -0.256306
v -1.665994 2.307245 -0.245018
v -1.659207 2.330101 -0.234860
v -1.607951 2.330101 -0.245018
v -1.607951 2.134505 -0.190201
v -1.626243 2.134506 -0.185526
v -1.607951 2.282443 -0.263256
v -1.670174 2.282443 -0.251274
v -1.607951 2.126982 -0.167288
v -1.607951 2.126982 -0.164904
v -1.607951 2.256650 -0.265603
v -1.671585 2.256650 -0.253386
v -1.607951 2.230858 -0.263256
v -1.670174 2.230858 -0.251274
v -1.607951 2.378795 -0.190201
v -1.626243 2.378795 -0.185526
v -1.607951 2.386319 -0.164904
v -1.607951 2.386319 -0.167288
v -1.607951 2.206056 -0.256306
v -1.665994 2.206056 -0.245018
v -1.607951 2.366578 -0.211319
v -1.638941 2.366578 -0.204531
v -1.607951 2.183199 -0.245018
v -1.659207 2.183199 -0.234860
v -1.607951 2.350136 -0.229828
v -1.650072 2.350136 -0.221189
v -1.633909 2.378795 -0.179234
v -1.607951 2.386319 -0.161697
v -1.684504 2.206056 -0.229828
v -1.689823 2.230858 -0.235148
v -1.650072 2.366578 -0.195396
v -1.675864 2.183199 -0.221189
v -1.664238 2.350136 -0.209563
v -1.664238 2.163165 -0.209563
v -1.675864 2.330101 -0.221189
v -1.650072 2.146723 -0.195396
v -1.684504 2.307245 -0.229828
v -1.633909 2.134506 -0.179234
v -1.689823 2.282443 -0.235148
v -1.607951 2.126982 -0.161697
v -1.691620 2.256650 -0.236944
v -1.699694 2.307244 -0.211319
v -1.689535 2.330101 -0.204531
v -1.640201 2.134505 -0.171567
v -1.659207 2.146723 -0.184266
v -1.705949 2.282443 -0.215498
v -1.607951 2.126982 -0.157788
v -1.708062 2.256650 -0.216910
v -1.705949 2.230858 -0.215498
v -1.640201 2.378795 -0.171567
v -1.607951 2.386319 -0.157788
v -1.699694 2.206056 -0.211319
v -1.659207 2.366578 -0.184266
v -1.689535 2.183199 -0.204531
v -1.675864 2.350136 -0.195396
v -1.675864 2.163165 -0.195396
v -1.710981 2.206056 -0.190201
v -1.717932 2.230858 -0.193080
v -1.665994 2.366578 -0.171567
v -1.644877 2.378795 -0.162820
v -1.699694 2.183199 -0.185526
v -1.684504 2.350136 -0.179234
v -1.684504 2.163165 -0.179234
v -1.699694 2.330101 -0.185526
v -1.665994 2.146723 -0.171567
v -1.710981 2.307244 -0.190201
v -1.644877 2.134506 -0.162820
v -1.717932 2.282443 -0.193080
v -1.607951 2.126982 -0.153329
v -1.720279 2.256650 -0.194053
v -1.607951 2.386319 -0.153329
v -1.647756 2.134506 -0.153329
v -1.670174 2.146723 -0.157788
v -1.725311 2.282443 -0.168756
v -1.717932 2.307244 -0.167288
v -1.607951 2.126982 -0.148490
v -1.727803 2.256650 -0.169251
v -1.725311 2.230858 -0.168756
v -1.647756 2.378795 -0.153329
v -1.607951 2.386318 -0.148490
v -1.717932 2.206056 -0.167288
v -1.670174 2.366578 -0.157788
v -1.705949 2.183199 -0.164904
v -1.689823 2.350136 -0.161697
v -1.689823 2.163165 -0.161697
v -1.705949 2.330101 -0.164904
v -1.708062 2.183199 -0.143458
v -1.720279 2.206056 -0.143458
v -1.691620 2.350136 -0.143458
v -1.671585 2.366578 -0.143458
v -1.691620 2.163165 -0.143458
v -1.708062 2.330101 -0.143458
v -1.671585 2.146723 -0.143458
v -1.720279 2.307244 -0.143459
v -1.648728 2.134505 -0.143458
v -1.727803 2.282443 -0.143458
v -1.607951 2.126982 -0.143458
v -1.730343 2.256650 -0.143458
v -1.727803 2.230858 -0.143458
v -1.648728 2.378795 -0.143458
v -1.607951 2.386319 -0.143458
v -1.607951 2.126982 -0.138427
v -1.647756 2.134506 -0.133588
v -1.727803 2.256650 -0.117666
v -1.725311 2.282443 -0.118161
v -1.725311 2.230858 -0.118161
v -1.647756 2.378795 -0.133588
v -1.607951 2.386319 -0.138427
v -1.717932 2.206056 -0.119629
v -1.670174 2.366578 -0.129129
v -1.705949 2.183199 -0.122013
v -1.689823 2.350136 -0.125220
v -1.689823 2.163165 -0.125220
v -1.705949 2.330102 -0.122013
v -1.670174 2.146723 -0.129129
v -1.717932 2.307244 -0.119629
v -1.684504 2.350136 -0.107683
v -1.665994 2.366578 -0.115350
v -1.684504 2.163165 -0.107683
v -1.699694 2.183199 -0.101391
v -1.699694 2.330102 -0.101391
v -1.665994 2.146723 -0.115350
v -1.710981 2.307244 -0.096716
v -1.644877 2.134506 -0.124097
v -1.717932 2.282443 -0.093837
v -1.607951 2.126982 -0.133588
v -1.720279 2.256650 -0.092864
v -1.717932 2.230858 -0.093837
v -1.644877 2.378795 -0.124097
v -1.607951 2.386319 -0.133588
v -1.710981 2.206056 -0.096716
v -1.708062 2.256650 -0.070007
v -1.705949 2.282443 -0.071419
v -1.705949 2.230858 -0.071419
v -1.640201 2.378795 -0.115350
v -1.607951 2.386319 -0.129129
v -1.699694 2.206056 -0.075598
v -1.659207 2.366578 -0.102651
v -1.689535 2.183199 -0.082386
v -1.675864 2.350136 -0.091521
v -1.675864 2.163165 -0.091521
v -1.689535 2.330101 -0.082386
v -1.659207 2.146723 -0.102651
v -1.699694 2.307244 -0.075598
v -1.640201 2.134505 -0.115350
v -1.607951 2.126982 -0.129129
v -1.664238 2.163165 -0.077354
v -1.675864 2.183199 -0.065728
v -1.675864 2.330102 -0.065728
v -1.664238 2.350136 -0.077354
v -1.650072 2.146723 -0.091521
v -1.684504 2.307244 -0.057089
v -1.633909 2.134506 -0.107683
v -1.689823 2.282443 -0.051769
v -1.607951 2.126982 -0.125220
v -1.691620 2.256650 -0.049973
v -1.689823 2.230858 -0.051769
v -1.633909 2.378795 -0.107683
v -1.607951 2.386319 -0.125220
v -1.684504 2.206056 -0.057089
v -1.650072 2.366578 -0.091521
v -1.670174 2.230858 -0.035643
v -1.671585 2.256650 -0.033531
v -1.626243 2.378795 -0.101391
v -1.607951 2.386319 -0.122013
v -1.665994 2.206056 -0.041899
v -1.638941 2.366578 -0.082386
v -1.659206 2.183199 -0.052057
v -1.650072 2.350136 -0.065728
v -1.650072 2.163165 -0.065728
v -1.659206 2.330102 -0.052057
v -1.638941 2.146723 -0.082386
v -1.665994 2.307244 -0.041899
v -1.626243 2.134505 -0.101391
v -1.670174 2.282443 -0.035643
v -1.607951 2.126982 -0.122013
v -1.607951 2.330102 -0.041899
v -1.607951 2.350136 -0.057089
v -1.607951 2.146723 -0.075598
v -1.607951 2.163165 -0.057089
v -1.607951 2.307244 -0.030611
v -1.607951 2.134505 -0.096716
v -1.607951 2.282443 -0.023661
v -1.607951 2.126982 -0.119629
v -1.607951 2.256650 -0.021314
v -1.607951 2.230858 -0.023661
v -1.607951 2.378795 -0.096716
v -1.607951 2.386319 -0.119629
v -1.607951 2.206056 -0.030611
v -1.607951 2.366578 -0.075598
v -1.607951 2.183199 -0.041899
v 0.167768 2.983653 -1.257565
v 0.167768 3.354261 0.723495
v 0.337744 3.304071 0.732884
v 0.337744 2.933463 -1.248176
v 0.450549 3.158526 0.759183
v 0.307543 3.232931 0.745264
v 0.307543 2.930707 -0.870248
v 0.450549 2.856303 -0.856330
v 0.575895 3.058394 0.777913
v 0.575895 2.756171 -0.837597
v 0.678765 2.936383 0.800739
v 0.678764 2.634160 -0.814772
v 0.755203 2.797182 0.826780
v 0.755203 2.494958 -0.788731
v 0.802274 2.646140 0.855036
v 0.802273 2.343916 -0.760475
v 0.818167 2.489061 0.884422
v 0.818167 2.186838 -0.731089
v 0.802274 2.331983 0.913807
v 0.802274 2.029759 -0.701703
v 0.755203 2.180940 0.942064
v 0.755203 1.878717 -0.673447
v 0.678765 2.041739 0.968105
v 0.678764 1.739515 -0.647406
v 0.575895 1.919728 0.990930
v 0.575895 1.617504 -0.624581
v 0.450549 1.819596 1.009663
v 0.450549 1.517372 -0.605848
v 0.307543 1.745191 1.023582
v 0.307542 1.442968 -0.591929
v 0.152371 1.699373 1.032153
v 0.152371 1.397149 -0.583358
v -0.009001 1.683902 1.035048
v -0.009001 1.381679 -0.580463
v -0.170374 1.699373 1.032153
v -0.170374 1.397150 -0.583358
v -0.325545 1.745192 1.023582
v -0.325545 1.442968 -0.591929
v -0.468551 1.819596 1.009662
v -0.468552 1.517373 -0.605848
v -0.593898 1.919728 0.990930
v -0.593898 1.617505 -0.624581
v -0.696767 2.041739 0.968105
v -0.696767 1.739516 -0.647406
v -0.773205 2.180941 0.942064
v -0.773205 1.878717 -0.673447
v -0.820276 2.331983 0.913807
v -0.820276 2.029759 -0.701704
v -0.836169 2.489062 0.884422
v -0.836169 2.186838 -0.731089
v -0.820275 2.646141 0.855036
v -0.820275 2.343917 -0.760475
v -0.773204 2.797183 0.826780
v -0.773205 2.494959 -0.788731
v -0.696766 2.936384 0.800739
v -0.696766 2.634161 -0.814772
v -0.593897 3.058395 0.777913
v -0.593897 2.756171 -0.837598
v -0.468550 3.158527 0.759183
v -0.468550 2.856303 -0.856330
v -0.325543 3.232932 0.745264
v -0.325544 2.930708 -0.870248
v -0.170372 3.278749 0.736692
v -0.170372 2.976526 -0.878821
v 0.152372 3.278749 0.736692
v 0.152371 2.976526 -0.878821
v -0.185769 2.983653 -1.257565
v -0.185769 3.354261 0.723495
v -0.009001 3.371208 0.720325
v -0.009001 3.000600 -1.260735
v 0.828115 1.781103 -1.032597
v 0.828115 2.151711 0.948461
v 0.744384 1.999228 0.976987
v 0.744384 1.628620 -1.004071
v -0.512397 1.385283 -0.958549
v -0.512397 1.755891 1.022509
v -0.649702 1.865576 1.001990
v -0.649702 1.494969 -0.979068
v -0.649701 2.742275 -1.212409
v -0.649701 3.112883 0.768651
v -0.512395 3.222568 0.748131
v -0.512395 2.851960 -1.232929
v 0.828115 2.456140 -1.158880
v 0.828115 2.826748 0.822178
v 0.879677 2.661294 0.853130
v 0.879677 2.290687 -1.127928
v 0.167768 1.253590 -0.933912
v 0.167768 1.624197 1.047146
v -0.009001 1.607250 1.050316
v -0.009001 1.236643 -0.930742
v -0.915089 2.118622 -1.095739
v -0.915089 2.489230 0.885319
v -0.897678 2.661295 0.853130
v -0.897678 2.290688 -1.127928
v 0.859432 2.282475 -1.150139
v 0.876446 2.114329 -1.118683
v 0.024147 2.114329 -1.118683
v 0.023510 2.120624 -1.119861
v 0.494395 3.222568 0.748132
v 0.494395 2.851960 -1.232928
v 0.631700 1.865576 1.001990
v 0.631700 1.494968 -0.979068
v -0.762386 1.999228 0.976987
v -0.762386 1.628621 -1.004071
v -0.355744 3.304071 0.732884
v -0.355744 2.933464 -1.248176
v 0.897087 2.489229 0.885319
v 0.897087 2.118621 -1.095739
v -0.185770 1.624197 1.047146
v -0.185770 1.253590 -0.933912
v -0.846117 2.826749 0.822178
v -0.846117 2.456141 -1.158880
v 0.631700 3.112882 0.768651
v 0.631700 2.742274 -1.212409
v 0.494395 1.755891 1.022509
v 0.494395 1.385283 -0.958549
v -0.846117 2.151711 0.948461
v -0.846117 1.781103 -1.032597
v 0.879677 2.317164 0.917509
v 0.879677 1.946556 -1.063549
v -0.355746 1.674387 1.037756
v -0.355746 1.303779 -0.943301
v -0.762385 2.979231 0.793652
v -0.762385 2.608623 -1.187405
v 0.744384 2.979230 0.793652
v 0.744384 2.608622 -1.187405
v 0.337744 1.674387 1.037756
v 0.337744 1.303779 -0.943301
v -0.897679 2.317164 0.917508
v -0.897679 1.946557 -1.063550
v 0.729285 2.012825 0.995335
v 0.811339 2.162251 0.967381
v 0.772726 2.177819 0.964469
v 0.694534 2.035426 0.991107
v -0.879868 2.661623 0.873961
v -0.896930 2.493006 0.905505
v -0.855136 2.493006 0.905505
v -0.838877 2.653687 0.875445
v 0.618860 1.881851 1.019837
v 0.589307 1.910618 1.014456
v -0.829340 2.823761 0.843629
v -0.790727 2.808192 0.846541
v 0.484306 1.774364 1.039945
v 0.461086 1.808190 1.033617
v -0.747286 2.973187 0.815675
v -0.712536 2.950585 0.819903
v 0.330795 1.694494 1.054887
v 0.314801 1.732079 1.047856
v -0.009001 3.357308 0.743817
v -0.182226 3.340701 0.746924
v -0.174072 3.300800 0.754388
v -0.009001 3.316626 0.751428
v -0.636861 3.104160 0.791173
v -0.607308 3.075394 0.796555
v 0.164225 1.645310 1.064088
v 0.156072 1.685210 1.056624
v 0.330795 3.291517 0.756125
v 0.164225 3.340701 0.746924
v 0.156072 3.300800 0.754388
v 0.314801 3.253932 0.763156
v -0.502307 3.211648 0.771067
v -0.479087 3.177821 0.777395
v -0.009001 1.628702 1.067195
v -0.009001 1.669385 1.059584
v 0.484306 3.211647 0.771067
v 0.461086 3.177821 0.777395
v -0.348795 3.291517 0.756125
v -0.332801 3.253932 0.763156
v -0.182228 1.645310 1.064088
v -0.174074 1.685210 1.056624
v 0.618860 3.104160 0.791173
v 0.589307 3.075393 0.796555
v -0.348797 1.694494 1.054887
v -0.332803 1.732079 1.047856
v 0.729285 2.973186 0.815675
v 0.694534 2.950584 0.819903
v -0.009001 3.294220 0.733798
v -0.009001 2.991996 -0.881715
v -0.502308 1.774364 1.039945
v -0.479088 1.808190 1.033617
v 0.811338 2.823760 0.843629
v 0.772726 2.808191 0.846541
v -0.636862 1.881851 1.019837
v -0.607309 1.910618 1.014456
v 0.861867 2.661623 0.873961
v 0.820875 2.653686 0.875446
v -0.747287 2.012825 0.995335
v -0.712536 2.035427 0.991107
v 0.878928 2.493005 0.905505
v 0.837134 2.493005 0.905505
v -0.829341 2.162251 0.967381
v -0.790728 2.177820 0.964469
v 0.861867 2.324388 0.937049
v 0.820875 2.332325 0.935564
v -0.879869 2.324389 0.937049
v -0.838877 2.332326 0.935564
v -0.043678 2.200819 -0.733705
v -0.040210 2.207136 -0.734886
v -0.009001 3.370728 0.730860
v 0.167293 3.353826 0.734022
v -0.009001 3.365640 0.739459
v 0.165997 3.348863 0.742598
v 0.336813 3.303771 0.743386
v 0.334269 3.299176 0.751893
v 0.493043 3.222486 0.758593
v 0.489350 3.218489 0.766988
v 0.629980 3.113096 0.779057
v 0.625280 3.109903 0.787301
v 0.742361 2.979803 0.803991
v 0.736834 2.977590 0.812052
v 0.825867 2.827729 0.832440
v 0.819727 2.826636 0.840292
v 0.877291 2.662721 0.863309
v 0.870772 2.662841 0.870934
v 0.894654 2.491117 0.895412
v 0.888008 2.492499 0.902801
v 0.877291 2.319514 0.927515
v 0.870772 2.322158 0.934667
v 0.825868 2.154505 0.958384
v 0.819727 2.158363 0.965310
v 0.742361 2.002432 0.986833
v 0.736834 2.007409 0.993549
v 0.629980 1.869139 1.011769
v 0.625280 1.875096 1.018302
v 0.493043 1.759748 1.032234
v 0.489350 1.766509 1.038616
v 0.336813 1.678463 1.047440
v 0.334269 1.685822 1.053710
v 0.167293 1.628408 1.056804
v 0.165997 1.636136 1.063006
v -0.009001 1.611507 1.059966
v -0.009001 1.619359 1.066144
v -0.185296 1.628408 1.056804
v -0.183999 1.636136 1.063005
v -0.354815 1.678463 1.047440
v -0.352272 1.685823 1.053710
v -0.511045 1.759748 1.032234
v -0.507352 1.766510 1.038616
v -0.647982 1.869139 1.011769
v -0.643282 1.875096 1.018302
v -0.760363 2.002432 0.986833
v -0.754836 2.007409 0.993549
v -0.843870 2.154505 0.958384
v -0.837729 2.158364 0.965309
v -0.895293 2.319515 0.927515
v -0.888774 2.322159 0.934667
v -0.912656 2.491118 0.895412
v -0.906009 2.492500 0.902801
v -0.895292 2.662722 0.863309
v -0.888773 2.662842 0.870934
v -0.843869 2.827730 0.832440
v -0.837728 2.826637 0.840292
v -0.760362 2.979804 0.803991
v -0.754835 2.977591 0.812052
v -0.647981 3.113096 0.779057
v -0.643281 3.109904 0.787301
v -0.511044 3.222487 0.758593
v -0.507351 3.218490 0.766987
v -0.354813 3.303772 0.743386
v -0.352270 3.299177 0.751893
v -0.185294 3.353827 0.734022
v -0.183997 3.348863 0.742598
v -0.009001 3.306867 0.750330
v 0.154222 3.291218 0.753257
v -0.009001 3.298666 0.743877
v 0.152867 3.283147 0.746780
v 0.311172 3.244875 0.761927
v 0.308515 3.237188 0.755378
v 0.455818 3.169617 0.776006
v 0.451961 3.162555 0.769340
v 0.582601 3.068337 0.794951
v 0.577692 3.062115 0.788128
v 0.686650 2.944928 0.818038
v 0.680877 2.939730 0.811023
v 0.763964 2.804130 0.844378
v 0.757551 2.800101 0.837144
v 0.811575 2.651356 0.872958
v 0.804766 2.648594 0.865488
v 0.827651 2.492477 0.902680
v 0.820709 2.491033 0.894963
v 0.811575 2.333597 0.932403
v 0.804766 2.333472 0.924439
v 0.763964 2.180824 0.960983
v 0.757551 2.181966 0.952782
v 0.686650 2.040026 0.987323
v 0.680877 2.042337 0.978904
v 0.582601 1.916616 1.010410
v 0.577692 1.919951 1.001799
v 0.455818 1.815336 1.029357
v 0.451961 1.819511 1.020589
v 0.311172 1.740079 1.043436
v 0.308515 1.744878 1.034551
v 0.154222 1.693735 1.052106
v 0.152867 1.698919 1.043149
v -0.009001 1.678087 1.055033
v -0.009001 1.683401 1.046052
v -0.172224 1.693736 1.052106
v -0.170870 1.698920 1.043149
v -0.329174 1.740079 1.043436
v -0.326517 1.744879 1.034551
v -0.473820 1.815337 1.029357
v -0.469963 1.819512 1.020589
v -0.600603 1.916617 1.010410
v -0.595694 1.919951 1.001799
v -0.704652 2.040027 0.987323
v -0.698879 2.042337 0.978904
v -0.781966 2.180824 0.960983
v -0.775553 2.181966 0.952782
v -0.829576 2.333598 0.932403
v -0.822768 2.333473 0.924439
v -0.845652 2.492478 0.902680
v -0.838710 2.491034 0.894963
v -0.829576 2.651357 0.872958
v -0.822767 2.648595 0.865487
v -0.781966 2.804131 0.844377
v -0.775552 2.800102 0.837144
v -0.704651 2.944928 0.818038
v -0.698878 2.939731 0.811023
v -0.600602 3.068338 0.794951
v -0.595693 3.062116 0.788128
v -0.473819 3.169618 0.776006
v -0.469962 3.162556 0.769340
v -0.329172 3.244875 0.761927
v -0.326516 3.237189 0.755378
v -0.172222 3.291219 0.753257
v -0.170868 3.283147 0.746780
v 0.167229 2.978867 -1.268543
v -0.009001 2.995762 -1.271703
v 0.165755 2.970083 -1.275593
v -0.009001 2.986836 -1.278727
v 0.163741 2.959655 -1.276823
v -0.009001 2.976216 -1.279922
v 0.336686 2.928830 -1.259183
v 0.333795 2.920465 -1.266309
v 0.329845 2.910608 -1.267648
v 0.492858 2.847575 -1.243981
v 0.488661 2.839890 -1.251237
v 0.482927 2.830962 -1.252748
v 0.629745 2.738225 -1.223525
v 0.624402 2.731453 -1.230950
v 0.617105 2.723775 -1.232696
v 0.742084 2.604980 -1.198599
v 0.735802 2.599324 -1.206233
v 0.727221 2.593167 -1.208263
v 0.825560 2.452964 -1.170160
v 0.818580 2.448578 -1.178032
v 0.809045 2.444159 -1.180387
v 0.876964 2.288015 -1.139302
v 0.869555 2.285009 -1.147432
v 0.894322 2.116475 -1.107211
v 0.886766 2.114904 -1.115609
v 0.876965 1.944935 -1.075120
v 0.869555 1.944798 -1.083787
v 0.859432 1.946183 -1.087228
v 0.825560 1.779987 -1.044262
v 0.818580 1.781230 -1.053187
v 0.809045 1.784499 -1.056980
v 0.742084 1.627970 -1.015823
v 0.735802 1.630484 -1.024986
v 0.727221 1.635490 -1.029104
v 0.629745 1.494725 -0.990897
v 0.624402 1.498354 -1.000268
v 0.617105 1.504883 -1.004671
v 0.492858 1.385375 -0.970440
v 0.488661 1.389918 -0.979982
v 0.482927 1.397696 -0.984619
v 0.336686 1.304120 -0.955239
v 0.333794 1.309343 -0.964909
v 0.329845 1.318049 -0.969719
v 0.167228 1.254083 -0.945879
v 0.165754 1.259725 -0.955626
v 0.163741 1.269003 -0.960544
v -0.009001 1.237188 -0.942718
v -0.009001 1.242971 -0.952492
v -0.009001 1.252442 -0.957445
v -0.185231 1.254084 -0.945879
v -0.183757 1.259725 -0.955626
v -0.181743 1.269003 -0.960544
v -0.354688 1.304120 -0.955239
v -0.351797 1.309343 -0.964909
v -0.347847 1.318049 -0.969719
v -0.510860 1.385375 -0.970440
v -0.506663 1.389919 -0.979982
v -0.500929 1.397696 -0.984619
v -0.647747 1.494726 -0.990897
v -0.642404 1.498355 -1.000268
v -0.635107 1.504883 -1.004671
v -0.760086 1.627970 -1.015824
v -0.753805 1.630485 -1.024986
v -0.745223 1.635491 -1.029104
v -0.843562 1.779987 -1.044262
v -0.836582 1.781230 -1.053187
v -0.827047 1.784500 -1.056980
v -0.894966 1.944935 -1.075120
v -0.887556 1.944799 -1.083787
v -0.877434 1.946184 -1.087228
v -0.912323 2.116476 -1.107211
v -0.904768 2.114905 -1.115610
v -0.894448 2.114330 -1.118684
v -0.894966 2.288016 -1.139302
v -0.887556 2.285010 -1.147432
v -0.877434 2.282475 -1.150140
v -0.843562 2.452965 -1.170160
v -0.836582 2.448579 -1.178032
v -0.827047 2.444160 -1.180387
v -0.760085 2.604981 -1.198599
v -0.753804 2.599324 -1.206233
v -0.745223 2.593168 -1.208263
v -0.647746 2.738225 -1.223525
v -0.642403 2.731454 -1.230950
v -0.635106 2.723776 -1.232696
v -0.510859 2.847576 -1.243981
v -0.506662 2.839890 -1.251237
v -0.500928 2.830962 -1.252748
v -0.354686 2.928831 -1.259183
v -0.351795 2.920465 -1.266309
v -0.347845 2.910609 -1.267648
v -0.185229 2.978867 -1.268543
v -0.183755 2.970083 -1.275593
v -0.181742 2.959655 -1.276823
v -0.015468 2.145975 -1.124604
v -0.021686 2.144139 -1.124260
v 0.021624 2.101981 -1.116374
v 0.023510 2.108034 -1.117506
v 0.014438 2.091514 -1.114415
v 0.018561 2.096403 -1.115330
v 0.003684 2.084519 -1.113107
v 0.009415 2.087501 -1.113665
v -0.009001 2.082063 -1.112647
v -0.002534 2.082683 -1.112763
v -0.021686 2.084519 -1.113107
v -0.015468 2.082683 -1.112763
v -0.032440 2.091514 -1.114415
v -0.027417 2.087501 -1.113665
v -0.009001 2.146595 -1.124720
v -0.039626 2.101981 -1.116374
v -0.036562 2.096403 -1.115330
v -0.002534 2.145975 -1.124604
v -0.042149 2.114329 -1.118683
v -0.041512 2.108034 -1.117506
v 0.009415 2.141157 -1.123702
v 0.003684 2.144139 -1.124260
v -0.039626 2.126677 -1.120993
v -0.041512 2.120624 -1.119861
v 0.018561 2.132255 -1.122037
v 0.014438 2.137145 -1.122952
v -0.032440 2.137145 -1.122952
v -0.036562 2.132255 -1.122037
v 0.021624 2.126677 -1.120993
v -0.027417 2.141157 -1.123702
v -0.009001 2.114329 -1.118683
v 0.011852 2.156459 -0.725406
v 0.005363 2.153083 -0.724774
v -0.009001 2.223373 -0.737924
v -0.001678 2.222672 -0.737793
v -0.035542 2.212672 -0.735922
v -0.001678 2.151004 -0.724385
v 0.005363 2.220592 -0.737404
v -0.029854 2.217216 -0.736772
v -0.009001 2.150302 -0.724254
v 0.011852 2.217216 -0.736772
v -0.023365 2.220592 -0.737404
v -0.016324 2.151004 -0.724385
v 0.017540 2.212672 -0.735922
v -0.016324 2.222672 -0.737793
v -0.023365 2.153083 -0.724774
v 0.022208 2.207136 -0.734886
v -0.029854 2.156459 -0.725406
v 0.025676 2.200819 -0.733705
v -0.035542 2.161003 -0.726256
v 0.027812 2.193965 -0.732423
v -0.040210 2.166540 -0.727292
v 0.028534 2.186838 -0.731089
v -0.043678 2.172856 -0.728474
v 0.027812 2.179710 -0.729756
v -0.045814 2.179710 -0.729756
v 0.025676 2.172856 -0.728474
v -0.046535 2.186838 -0.731089
v 0.022208 2.166540 -0.727292
v -0.045814 2.193966 -0.732423
v 0.017540 2.161003 -0.726256
v -0.009001 2.186838 -0.731089
v 0.241285 1.286801 1.109404
v 0.428934 1.286801 1.109404
v 0.526317 1.767409 1.039091
v 0.283826 1.651512 1.059196
v 0.026009 1.286801 1.109404
v 0.026009 1.601696 1.059196
v -0.233022 1.286801 1.109404
v -0.275563 1.651511 1.059196
v -0.518054 1.767409 1.039091
v -0.420671 1.286801 1.109404
v -0.017746 1.286801 1.109404
v -0.017746 1.601696 1.059196
vn -0.0000 0.1816 0.9834
vn -0.0000 -0.1652 -0.9863
vn -0.0000 -0.9863 0.1652
vn -0.0000 0.1652 0.9863
vn 0.9729 -0.2279 0.0382
vn 0.1835 -0.9695 0.1624
vn -0.9827 0.1827 -0.0306
vn -0.0000 0.9863 -0.1652
vn 1.0000 -0.0000 -0.0000
vn 0.4215 -0.8944 0.1498
vn 0.9821 -0.1882 -0.0027
vn 0.9937 -0.1104 0.0185
vn 0.4926 0.8583 -0.1438
vn 0.9827 -0.1827 0.0306
vn 0.4784 -0.2332 -0.8466
vn 0.4784 0.0553 0.8764
vn 0.4227 -0.8938 0.1497
vn -0.9729 -0.2280 0.0382
vn -0.1835 -0.9695 0.1624
vn 0.9827 0.1827 -0.0306
vn -1.0000 -0.0000 -0.0000
vn -0.4215 -0.8944 0.1498
vn -0.9821 -0.1882 -0.0027
vn -0.9937 -0.1104 0.0185
vn 0.9728 -0.1574 0.1702
vn -0.9728 -0.1574 0.1702
vn -0.4926 0.8583 -0.1438
vn -0.9827 -0.1827 0.0306
vn -0.4784 -0.2332 -0.8466
vn -0.4784 0.0554 0.8764
vn -0.4227 -0.8938 0.1497
vn 0.0077 -0.1974 -0.9803
vn -0.0077 0.1935 0.9811
vn -0.0043 -0.9811 0.1935
vn -0.0027 -0.9811 0.1935
vn -0.0089 -0.9811 0.1934
vn 0.0027 0.9811 -0.1935
vn 0.0043 0.9811 -0.1935
vn 0.0089 0.9811 -0.1934
vn 0.0042 0.9811 -0.1935
vn -0.9999 -0.0102 -0.0058
vn 0.0077 -0.1935 -0.9811
vn 0.9999 -0.0072 0.0092
vn -0.0004 -0.9803 0.1974
vn 0.0027 -0.9803 0.1975
vn 0.0043 -0.9803 0.1975
vn -0.0004 -0.9803 0.1975
vn -0.0027 0.9803 -0.1975
vn 0.0004 0.9803 -0.1974
vn -0.0043 0.9803 -0.1975
vn -0.0004 0.9811 -0.1935
vn 0.0004 -0.9811 0.1935
vn -0.0042 -0.9811 0.1935
vn -0.9999 0.0072 -0.0092
vn -0.0229 0.1936 0.9808
vn 0.0228 -0.1936 -0.9808
vn -0.0228 0.1972 0.9801
vn 0.0228 -0.1972 -0.9801
vn 0.9999 0.0102 0.0058
vn 0.0042 -0.9803 0.1975
vn 0.0089 -0.9803 0.1975
vn -0.0042 0.9803 -0.1975
vn -0.0077 0.1974 0.9803
vn -0.0089 0.9803 -0.1975
vn 0.3042 0.9354 -0.1805
vn 0.0772 0.9790 -0.1889
vn 0.5641 0.8107 -0.1564
vn -0.0000 0.9819 -0.1895
vn -0.0000 -0.9819 0.1894
vn 0.3042 -0.9354 0.1805
vn 0.0773 -0.9790 0.1889
vn 0.1913 0.1860 0.9638
vn 0.1492 0.1873 0.9709
vn -0.0000 0.1895 0.9819
vn -0.0000 -0.1895 -0.9819
vn 0.1914 -0.1860 -0.9637
vn 0.1493 -0.1873 -0.9709
vn 0.5640 -0.8108 0.1564
vn 0.0392 -0.1893 -0.9811
vn 0.0392 0.1893 0.9811
vn 0.1804 -0.9659 0.1859
vn 0.1418 0.1932 0.9709
vn 0.0248 0.1935 0.9808
vn 0.1402 0.1932 0.9711
vn 0.1912 -0.1773 -0.9654
vn 0.1914 -0.1773 -0.9654
vn 0.1402 -0.1819 -0.9733
vn 0.1418 -0.1819 -0.9730
vn -0.0000 -0.1804 -0.9836
vn -0.0000 0.1985 0.9801
vn 0.1912 0.1946 0.9621
vn 0.1914 0.1946 0.9620
vn -0.0000 -0.9819 0.1895
vn 0.0248 -0.1854 -0.9824
vn 0.0774 -0.9789 0.1889
vn 0.3060 -0.9348 0.1804
vn 0.0486 0.9807 -0.1892
vn 0.5630 -0.8115 0.1566
vn 0.2948 -0.1817 -0.9381
vn 0.2933 0.1845 0.9381
vn -0.6239 0.7815 -0.0000
vn -0.0420 0.0282 0.9987
vn 0.0420 0.0282 0.9987
vn 0.0333 0.0224 0.9992
vn -0.0333 0.0224 0.9992
vn -0.0000 -1.0000 -0.0000
vn 0.0420 0.0282 -0.9987
vn -0.0420 0.0282 -0.9987
vn -0.0333 0.0224 -0.9992
vn 0.0333 0.0224 -0.9992
vn -0.9955 0.0947 -0.0000
vn 0.0244 0.0143 -0.9996
vn 0.0570 0.0376 -0.9977
vn 0.0570 0.0376 0.9977
vn 0.0244 0.0143 0.9996
vn 0.8321 -0.5546 -0.0000
vn -0.0073 -0.0083 -0.9999
vn -0.0073 -0.0083 0.9999
vn 1.0000 -0.0095 -0.0000
vn -0.0000 1.0000 0.0017
vn 0.0004 -1.0000 0.0012
vn 1.0000 -0.0000 -0.0023
vn 0.0018 -1.0000 0.0008
vn -0.0019 1.0000 -0.0044
vn -0.0000 -0.0000 -1.0000
vn 1.0000 -0.0000 0.0023
vn 1.0000 -0.0017 -0.0013
vn 1.0000 -0.0039 -0.0000
vn -0.0000 1.0000 -0.0000
vn -1.0000 -0.0017 0.0013
vn -1.0000 -0.0039 -0.0000
vn -0.0000 -0.0000 1.0000
vn 0.0053 -0.6751 0.7377
vn 0.0087 -1.0000 -0.0000
vn -1.0000 -0.0000 -0.0023
vn 0.8271 -0.0000 -0.5621
vn 0.0019 1.0000 0.0044
vn -0.8066 -0.0028 -0.5911
vn -0.8094 -0.0017 0.5873
vn -1.0000 -0.0000 0.0023
vn -0.0004 -1.0000 -0.0012
vn 0.0041 -0.6868 -0.7269
vn -0.0053 -0.6751 -0.7377
vn -0.0000 0.6714 -0.7411
vn -0.0009 0.6627 0.7489
vn -0.8271 -0.0000 -0.5621
vn -0.0041 -0.6868 0.7269
vn 0.8094 -0.0017 -0.5873
vn 0.8271 -0.0000 0.5621
vn -0.0000 0.6714 0.7411
vn -0.8271 -0.0000 0.5621
vn 0.8066 -0.0028 0.5911
vn -0.0000 1.0000 -0.0017
vn 0.0009 0.6627 -0.7489
vn -0.0018 -1.0000 -0.0008
vn -0.0087 -1.0000 -0.0000
vn 1.0000 -0.0002 0.0008
vn -1.0000 -0.0002 -0.0008
vn -0.1912 0.1860 0.9638
vn -0.1912 -0.1860 -0.9638
vn -0.1493 -0.1873 -0.9709
vn -0.0392 -0.1893 -0.9811
vn -0.1493 0.1873 0.9709
vn -0.0393 0.1893 0.9811
vn -0.5630 -0.8115 0.1566
vn -0.3037 -0.9355 0.1805
vn -0.3037 0.9355 -0.1805
vn -0.5630 0.8115 -0.1566
vn -0.0773 -0.9790 0.1889
vn -0.0773 0.9790 -0.1889
vn 0.0073 -0.9819 0.1892
vn -0.1512 -0.9707 0.1868
vn -0.1508 -0.9708 0.1868
vn -0.3685 0.1785 0.9123
vn -0.3700 0.1784 0.9118
vn -0.5226 0.1646 0.8365
vn -0.3706 -0.1769 -0.9118
vn -0.5279 -0.1623 -0.8337
vn -0.3718 -0.1769 -0.9113
vn -0.1418 0.9720 -0.1876
vn -0.3933 0.9027 -0.1742
vn -0.1422 0.9719 -0.1875
vn -0.3036 0.9355 -0.1805
vn -0.0393 -0.1893 -0.9811
vn -0.0392 0.1893 0.9811
vn 0.0085 0.9819 -0.1895
vn -0.5631 -0.8114 0.1566
vn -0.0772 -0.9790 0.1889
vn -0.0772 0.9790 -0.1889
vn -0.4137 -0.8941 0.1715
vn -0.2418 -0.1845 -0.9526
vn -0.2429 0.1856 0.9521
vn 0.6239 0.7815 -0.0000
vn 0.9955 0.0947 -0.0000
vn -0.0570 0.0376 -0.9977
vn -0.0244 0.0143 -0.9996
vn -0.0244 0.0143 0.9996
vn -0.0570 0.0376 0.9977
vn -0.8321 -0.5546 -0.0000
vn 0.0073 -0.0083 -0.9999
vn 0.0073 -0.0083 0.9999
vn -1.0000 -0.0095 -0.0000
vn 0.1750 0.9667 -0.1865
vn -0.0000 0.5216 -0.8532
vn 0.1665 0.5216 -0.8368
vn 0.3265 0.5216 -0.7883
vn 0.4740 0.5216 -0.7094
vn 0.6033 0.5216 -0.6033
vn 0.7094 0.5216 -0.4740
vn 0.7883 0.5216 -0.3265
vn 0.8368 0.5216 -0.1665
vn 0.8532 0.5216 -0.0000
vn 0.8368 0.5216 0.1665
vn 0.7883 0.5216 0.3265
vn 0.7094 0.5216 0.4740
vn 0.6033 0.5216 0.6033
vn 0.4740 0.5216 0.7094
vn 0.3265 0.5216 0.7883
vn 0.1664 0.5216 0.8368
vn -0.0000 0.5216 0.8532
vn -0.1664 0.5216 0.8368
vn -0.3265 0.5216 0.7883
vn -0.4740 0.5216 0.7094
vn -0.6033 0.5216 0.6033
vn -0.7094 0.5216 0.4740
vn -0.7883 0.5216 0.3265
vn -0.8368 0.5216 0.1665
vn -0.8532 0.5216 -0.0000
vn -0.8368 0.5216 -0.1665
vn -0.7883 0.5216 -0.3265
vn -0.7094 0.5216 -0.4740
vn -0.6033 0.5216 -0.6033
vn -0.4740 0.5216 -0.7094
vn -0.3265 0.5216 -0.7883
vn -0.1665 0.5216 -0.8368
vn -0.0000 0.4475 -0.8943
vn -0.0000 0.4475 0.8943
vn 0.8943 0.4475 -0.0000
vn -0.8943 0.4475 -0.0000
vn 0.7643 0.6449 -0.0000
vn -0.0000 0.6449 0.7643
vn -0.0000 0.6449 -0.7643
vn -0.0000 0.5443 0.8389
vn -0.0000 1.0000 -0.0051
vn -0.0000 0.0081 1.0000
vn 0.1279 -0.8019 -0.5836
vn 0.1494 -0.6696 -0.7276
vn 0.3067 -0.6939 -0.6515
vn 0.2455 -0.8200 -0.5170
vn 0.1790 0.3510 -0.9191
vn 0.1666 0.5169 -0.8397
vn 0.3574 0.5429 -0.7599
vn 0.3953 0.3727 -0.8395
vn 0.1127 -0.9076 -0.4043
vn 0.1855 -0.9225 -0.3386
vn 0.1864 0.1773 -0.9664
vn 0.4188 0.1896 -0.8881
vn 0.1093 -0.9528 -0.2833
vn 0.1739 -0.9667 -0.1879
vn 0.1888 -0.0000 -0.9820
vn 0.4267 -0.0000 -0.9044
vn 0.1864 -0.1773 -0.9664
vn 0.4188 -0.1896 -0.8881
vn 0.1127 0.9077 -0.4043
vn 0.1093 0.9528 -0.2833
vn 0.1739 0.9667 -0.1879
vn 0.1854 0.9225 -0.3386
vn 0.1790 -0.3510 -0.9191
vn 0.3953 -0.3727 -0.8395
vn 0.1278 0.8019 -0.5836
vn 0.2455 0.8200 -0.5170
vn 0.1666 -0.5169 -0.8397
vn 0.3574 -0.5429 -0.7599
vn 0.1494 0.6696 -0.7276
vn 0.3067 0.6939 -0.6515
vn 0.1948 0.9732 -0.1221
vn 0.2704 0.9327 -0.2387
vn 0.6937 -0.1939 -0.6937
vn 0.6539 -0.3805 -0.6539
vn 0.3958 0.8286 -0.3958
vn 0.5893 -0.5528 -0.5893
vn 0.5022 0.7041 -0.5021
vn 0.5021 -0.7041 -0.5021
vn 0.5893 0.5528 -0.5893
vn 0.3958 -0.8286 -0.3958
vn 0.6539 0.3805 -0.6539
vn 0.2704 -0.9327 -0.2388
vn 0.6937 0.1939 -0.6937
vn 0.1948 -0.9732 -0.1221
vn 0.7071 -0.0000 -0.7071
vn 0.6929 0.5528 -0.4630
vn 0.7689 0.3805 -0.5138
vn 0.4654 -0.8286 -0.3110
vn 0.3010 -0.9365 -0.1801
vn 0.8157 0.1939 -0.5450
vn 0.1921 -0.9779 -0.0819
vn 0.8315 -0.0000 -0.5556
vn 0.8157 -0.1939 -0.5450
vn 0.1921 0.9779 -0.0819
vn 0.3010 0.9365 -0.1801
vn 0.7689 -0.3805 -0.5138
vn 0.4654 0.8286 -0.3110
vn 0.6929 -0.5528 -0.4630
vn 0.5905 0.7041 -0.3945
vn 0.5905 -0.7041 -0.3945
vn 0.9063 -0.1939 -0.3754
vn 0.8544 -0.3805 -0.3539
vn 0.3224 0.9389 -0.1207
vn 0.5172 0.8286 -0.2142
vn 0.7699 -0.5528 -0.3189
vn 0.6561 0.7041 -0.2718
vn 0.6561 -0.7041 -0.2718
vn 0.7699 0.5528 -0.3189
vn 0.5172 -0.8286 -0.2142
vn 0.8544 0.3805 -0.3539
vn 0.3224 -0.9389 -0.1207
vn 0.9063 0.1939 -0.3754
vn 0.1876 -0.9810 -0.0500
vn 0.9239 -0.0000 -0.3827
vn 0.1876 0.9810 -0.0500
vn 0.5490 -0.8286 -0.1092
vn 0.3352 -0.9402 -0.0606
vn 0.9070 0.3805 -0.1804
vn 0.9622 0.1939 -0.1914
vn 0.1841 -0.9826 -0.0236
vn 0.9808 -0.0000 -0.1951
vn 0.9622 -0.1939 -0.1914
vn 0.1841 0.9826 -0.0236
vn 0.3352 0.9402 -0.0606
vn 0.9070 -0.3805 -0.1804
vn 0.5490 0.8286 -0.1092
vn 0.8173 -0.5528 -0.1626
vn 0.6965 0.7041 -0.1385
vn 0.6965 -0.7041 -0.1385
vn 0.8173 0.5528 -0.1626
vn 0.9248 -0.3805 -0.0000
vn 0.8333 -0.5528 -0.0000
vn 0.5598 0.8286 -0.0000
vn 0.7101 0.7041 -0.0000
vn 0.7101 -0.7041 -0.0000
vn 0.8333 0.5528 -0.0000
vn 0.5598 -0.8286 -0.0000
vn 0.9248 0.3805 -0.0000
vn 0.3395 -0.9406 -0.0000
vn 0.9810 0.1939 -0.0000
vn 0.1829 -0.9831 -0.0000
vn 0.9810 -0.1939 -0.0000
vn 0.1829 0.9831 -0.0000
vn 0.3394 0.9406 -0.0000
vn 0.3352 -0.9402 0.0606
vn 0.1841 -0.9826 0.0236
vn 0.9622 0.1939 0.1914
vn 0.9808 -0.0000 0.1951
vn 0.9622 -0.1939 0.1914
vn 0.1841 0.9826 0.0236
vn 0.3352 0.9402 0.0606
vn 0.9070 -0.3805 0.1804
vn 0.5490 0.8286 0.1092
vn 0.8173 -0.5528 0.1626
vn 0.6965 0.7041 0.1385
vn 0.6965 -0.7041 0.1385
vn 0.8173 0.5528 0.1626
vn 0.5490 -0.8286 0.1092
vn 0.9070 0.3805 0.1804
vn 0.5172 0.8286 0.2142
vn 0.6561 0.7041 0.2718
vn 0.7699 -0.5528 0.3189
vn 0.6561 -0.7041 0.2718
vn 0.7699 0.5528 0.3189
vn 0.5172 -0.8286 0.2142
vn 0.8544 0.3805 0.3539
vn 0.3224 -0.9389 0.1207
vn 0.9063 0.1939 0.3754
vn 0.1876 -0.9810 0.0500
vn 0.9239 -0.0000 0.3827
vn 0.9063 -0.1939 0.3754
vn 0.1876 0.9810 0.0500
vn 0.3224 0.9389 0.1207
vn 0.8544 -0.3805 0.3539
vn 0.8157 0.1939 0.5450
vn 0.8315 -0.0000 0.5556
vn 0.8157 -0.1939 0.5450
vn 0.1921 0.9779 0.0819
vn 0.3010 0.9365 0.1801
vn 0.7689 -0.3805 0.5138
vn 0.4654 0.8287 0.3110
vn 0.6929 -0.5528 0.4630
vn 0.5905 0.7041 0.3945
vn 0.5905 -0.7041 0.3945
vn 0.6929 0.5528 0.4630
vn 0.4654 -0.8286 0.3110
vn 0.7689 0.3805 0.5138
vn 0.3010 -0.9365 0.1801
vn 0.1921 -0.9779 0.0819
vn 0.5893 -0.5528 0.5893
vn 0.5021 -0.7041 0.5021
vn 0.5022 0.7041 0.5021
vn 0.5893 0.5528 0.5893
vn 0.3958 -0.8286 0.3958
vn 0.6539 0.3805 0.6539
vn 0.2704 -0.9327 0.2388
vn 0.6937 0.1939 0.6937
vn 0.1948 -0.9732 0.1221
vn 0.7071 -0.0000 0.7071
vn 0.6937 -0.1939 0.6937
vn 0.1948 0.9732 0.1221
vn 0.2704 0.9327 0.2387
vn 0.6539 -0.3805 0.6539
vn 0.3958 0.8286 0.3958
vn 0.4267 -0.0000 0.9044
vn 0.4188 -0.1896 0.8881
vn 0.1739 0.9667 0.1879
vn 0.1854 0.9225 0.3386
vn 0.3953 -0.3727 0.8395
vn 0.2455 0.8200 0.5170
vn 0.3574 -0.5429 0.7599
vn 0.3067 0.6939 0.6515
vn 0.3067 -0.6939 0.6515
vn 0.3574 0.5429 0.7599
vn 0.2455 -0.8200 0.5170
vn 0.3953 0.3727 0.8395
vn 0.1855 -0.9225 0.3386
vn 0.4188 0.1896 0.8881
vn 0.1739 -0.9667 0.1879
vn 0.1494 0.6696 0.7276
vn 0.1666 0.5169 0.8397
vn 0.1494 -0.6696 0.7276
vn 0.1279 -0.8019 0.5836
vn 0.1790 0.3510 0.9191
vn 0.1127 -0.9076 0.4043
vn 0.1864 0.1773 0.9664
vn 0.1093 -0.9528 0.2833
vn 0.1888 -0.0000 0.9820
vn 0.1864 -0.1773 0.9664
vn 0.1093 0.9528 0.2833
vn 0.1127 0.9077 0.4043
vn 0.1790 -0.3510 0.9191
vn 0.1279 0.8019 0.5836
vn 0.1666 -0.5169 0.8397
vn -0.1279 -0.8019 -0.5836
vn -0.2455 -0.8200 -0.5170
vn -0.3067 -0.6939 -0.6514
vn -0.1494 -0.6696 -0.7276
vn -0.1790 0.3510 -0.9191
vn -0.3953 0.3727 -0.8395
vn -0.3574 0.5429 -0.7599
vn -0.1666 0.5169 -0.8397
vn -0.1128 -0.9076 -0.4043
vn -0.1855 -0.9225 -0.3386
vn -0.1864 0.1773 -0.9664
vn -0.4188 0.1896 -0.8881
vn -0.1094 -0.9528 -0.2833
vn -0.1739 -0.9667 -0.1879
vn -0.1888 -0.0000 -0.9820
vn -0.4267 -0.0000 -0.9044
vn -0.1864 -0.1773 -0.9664
vn -0.4188 -0.1896 -0.8881
vn -0.1127 0.9077 -0.4043
vn -0.1855 0.9225 -0.3386
vn -0.1739 0.9667 -0.1879
vn -0.1094 0.9528 -0.2834
vn -0.1790 -0.3510 -0.9191
vn -0.3953 -0.3727 -0.8395
vn -0.1279 0.8019 -0.5836
vn -0.2455 0.8200 -0.5170
vn -0.1666 -0.5169 -0.8397
vn -0.3574 -0.5429 -0.7599
vn -0.1494 0.6696 -0.7276
vn -0.3067 0.6939 -0.6515
vn -0.2704 0.9327 -0.2387
vn -0.1948 0.9732 -0.1221
vn -0.6539 -0.3805 -0.6539
vn -0.6937 -0.1939 -0.6937
vn -0.3958 0.8287 -0.3958
vn -0.5893 -0.5528 -0.5893
vn -0.5022 0.7041 -0.5021
vn -0.5021 -0.7041 -0.5021
vn -0.5893 0.5528 -0.5893
vn -0.3958 -0.8286 -0.3958
vn -0.6539 0.3805 -0.6539
vn -0.2704 -0.9327 -0.2388
vn -0.6937 0.1939 -0.6937
vn -0.1948 -0.9732 -0.1221
vn -0.7071 -0.0000 -0.7071
vn -0.7689 0.3805 -0.5138
vn -0.6929 0.5528 -0.4630
vn -0.3010 -0.9365 -0.1801
vn -0.4654 -0.8286 -0.3110
vn -0.8157 0.1939 -0.5450
vn -0.1921 -0.9779 -0.0819
vn -0.8315 -0.0000 -0.5556
vn -0.8157 -0.1939 -0.5450
vn -0.3010 0.9365 -0.1801
vn -0.1922 0.9779 -0.0819
vn -0.7689 -0.3805 -0.5138
vn -0.4654 0.8286 -0.3110
vn -0.6929 -0.5528 -0.4630
vn -0.5905 0.7041 -0.3945
vn -0.5905 -0.7041 -0.3945
vn -0.8544 -0.3805 -0.3539
vn -0.9063 -0.1939 -0.3754
vn -0.5172 0.8287 -0.2142
vn -0.3224 0.9389 -0.1207
vn -0.7699 -0.5528 -0.3189
vn -0.6561 0.7041 -0.2718
vn -0.6561 -0.7041 -0.2718
vn -0.7699 0.5528 -0.3189
vn -0.5172 -0.8286 -0.2142
vn -0.8544 0.3805 -0.3539
vn -0.3224 -0.9389 -0.1207
vn -0.9063 0.1939 -0.3754
vn -0.1876 -0.9810 -0.0500
vn -0.9239 -0.0000 -0.3827
vn -0.1876 0.9810 -0.0499
vn -0.3352 -0.9402 -0.0607
vn -0.5490 -0.8286 -0.1092
vn -0.9622 0.1939 -0.1914
vn -0.9070 0.3805 -0.1804
vn -0.1841 -0.9826 -0.0237
vn -0.9808 -0.0000 -0.1951
vn -0.9622 -0.1939 -0.1914
vn -0.3352 0.9402 -0.0606
vn -0.1841 0.9826 -0.0237
vn -0.9070 -0.3805 -0.1804
vn -0.5490 0.8286 -0.1092
vn -0.8173 -0.5528 -0.1626
vn -0.6965 0.7041 -0.1385
vn -0.6965 -0.7041 -0.1385
vn -0.8173 0.5528 -0.1626
vn -0.8333 -0.5528 -0.0000
vn -0.9248 -0.3805 -0.0000
vn -0.7101 0.7041 -0.0000
vn -0.5598 0.8287 -0.0000
vn -0.7101 -0.7041 -0.0000
vn -0.8333 0.5528 -0.0000
vn -0.5598 -0.8286 -0.0000
vn -0.9248 0.3805 -0.0000
vn -0.3395 -0.9406 -0.0000
vn -0.9810 0.1939 -0.0000
vn -0.1829 -0.9831 -0.0000
vn -0.9810 -0.1939 -0.0000
vn -0.3395 0.9406 -0.0000
vn -0.1829 0.9831 -0.0000
vn -0.1841 -0.9826 0.0237
vn -0.3352 -0.9402 0.0607
vn -0.9808 -0.0000 0.1951
vn -0.9622 0.1939 0.1914
vn -0.9622 -0.1939 0.1914
vn -0.3352 0.9402 0.0606
vn -0.1841 0.9826 0.0237
vn -0.9070 -0.3805 0.1804
vn -0.5490 0.8286 0.1092
vn -0.8173 -0.5528 0.1626
vn -0.6965 0.7041 0.1385
vn -0.6965 -0.7041 0.1385
vn -0.8173 0.5528 0.1626
vn -0.5490 -0.8286 0.1092
vn -0.9070 0.3805 0.1804
vn -0.6561 0.7041 0.2718
vn -0.5172 0.8287 0.2142
vn -0.6561 -0.7041 0.2718
vn -0.7699 -0.5528 0.3189
vn -0.7699 0.5528 0.3189
vn -0.5172 -0.8286 0.2142
vn -0.8544 0.3805 0.3539
vn -0.3224 -0.9389 0.1207
vn -0.9063 0.1939 0.3754
vn -0.1876 -0.9810 0.0500
vn -0.9239 -0.0000 0.3827
vn -0.9063 -0.1939 0.3754
vn -0.3224 0.9389 0.1207
vn -0.1876 0.9810 0.0500
vn -0.8544 -0.3805 0.3539
vn -0.8315 -0.0000 0.5556
vn -0.8157 0.1939 0.5450
vn -0.8157 -0.1939 0.5450
vn -0.3010 0.9365 0.1801
vn -0.1922 0.9779 0.0819
vn -0.7689 -0.3805 0.5138
vn -0.4654 0.8286 0.3110
vn -0.6929 -0.5528 0.4630
vn -0.5905 0.7041 0.3945
vn -0.5905 -0.7041 0.3945
vn -0.6929 0.5528 0.4630
vn -0.4654 -0.8286 0.3110
vn -0.7689 0.3805 0.5138
vn -0.3010 -0.9365 0.1801
vn -0.1921 -0.9779 0.0819
vn -0.5021 -0.7041 0.5021
vn -0.5893 -0.5528 0.5893
vn -0.5893 0.5528 0.5893
vn -0.5022 0.7041 0.5021
vn -0.3958 -0.8286 0.3958
vn -0.6539 0.3805 0.6539
vn -0.2704 -0.9327 0.2388
vn -0.6937 0.1939 0.6937
vn -0.1948 -0.9732 0.1221
vn -0.7071 -0.0000 0.7071
vn -0.6937 -0.1939 0.6937
vn -0.2704 0.9327 0.2387
vn -0.1948 0.9732 0.1221
vn -0.6539 -0.3805 0.6539
vn -0.3958 0.8287 0.3958
vn -0.4188 -0.1896 0.8881
vn -0.4267 -0.0000 0.9044
vn -0.1855 0.9225 0.3386
vn -0.1739 0.9667 0.1879
vn -0.3953 -0.3727 0.8395
vn -0.2455 0.8200 0.5170
vn -0.3574 -0.5429 0.7599
vn -0.3067 0.6939 0.6515
vn -0.3067 -0.6939 0.6514
vn -0.3574 0.5429 0.7599
vn -0.2456 -0.8200 0.5170
vn -0.3953 0.3727 0.8395
vn -0.1855 -0.9225 0.3386
vn -0.4188 0.1896 0.8881
vn -0.1739 -0.9667 0.1879
vn -0.1666 0.5169 0.8397
vn -0.1494 0.6696 0.7276
vn -0.1279 -0.8019 0.5836
vn -0.1494 -0.6696 0.7276
vn -0.1790 0.3510 0.9191
vn -0.1127 -0.9076 0.4043
vn -0.1864 0.1773 0.9664
vn -0.1093 -0.9528 0.2833
vn -0.1888 -0.0000 0.9820
vn -0.1864 -0.1773 0.9664
vn -0.1127 0.9077 0.4043
vn -0.1094 0.9528 0.2834
vn -0.1790 -0.3510 0.9191
vn -0.1279 0.8019 0.5836
vn -0.1666 -0.5169 0.8397
vn -0.7643 0.6449 -0.0000
vn 0.1921 0.9371 -0.2915
vn 0.1921 0.9791 -0.0670
vn 0.3771 0.9244 -0.0566
vn 0.3771 0.8824 -0.2814
vn -0.5481 -0.7928 0.2665
vn -0.3770 -0.8820 0.2830
vn -0.3796 -0.9094 0.1701
vn -0.5519 -0.8197 0.1533
vn -0.6989 -0.6723 0.2441
vn -0.7037 -0.6984 0.1306
vn -0.8233 -0.5246 0.2167
vn -0.8290 -0.5497 0.1028
vn -0.9162 -0.3552 0.1852
vn -0.9226 -0.3792 0.0709
vn -0.9737 -0.1707 0.1508
vn -0.9804 -0.1935 0.0362
vn -0.9931 0.0215 0.1149
vn -0.9737 0.2137 0.0789
vn -0.9804 0.1935 -0.0362
vn -0.9162 0.3982 0.0443
vn -0.9226 0.3792 -0.0709
vn -0.8233 0.5675 0.0124
vn -0.8290 0.5497 -0.1028
vn -0.6989 0.7151 -0.0154
vn -0.7037 0.6984 -0.1306
vn -0.5481 0.8355 -0.0381
vn -0.5519 0.8197 -0.1533
vn -0.3770 0.9246 -0.0550
vn -0.3796 0.9094 -0.1701
vn -0.1920 0.9792 -0.0653
vn -0.1933 0.9644 -0.1804
vn -0.0000 0.9976 -0.0688
vn -0.0000 0.9829 -0.1839
vn 0.1920 0.9792 -0.0654
vn 0.1933 0.9644 -0.1804
vn 0.3770 0.9246 -0.0550
vn 0.3796 0.9094 -0.1701
vn 0.5481 0.8355 -0.0382
vn 0.5519 0.8197 -0.1533
vn 0.6989 0.7151 -0.0154
vn 0.7037 0.6984 -0.1306
vn 0.8233 0.5675 0.0124
vn 0.8290 0.5497 -0.1028
vn 0.9162 0.3982 0.0443
vn 0.9226 0.3792 -0.0709
vn 0.9737 0.2137 0.0789
vn 0.9804 0.1935 -0.0362
vn 0.9931 0.0215 0.1149
vn 0.9737 -0.1707 0.1508
vn 0.9804 -0.1935 0.0362
vn 0.9162 -0.3552 0.1852
vn 0.9226 -0.3792 0.0709
vn 0.8233 -0.5246 0.2167
vn 0.8290 -0.5497 0.1028
vn 0.6989 -0.6723 0.2441
vn 0.7037 -0.6984 0.1306
vn 0.5481 -0.7928 0.2665
vn 0.5519 -0.8197 0.1533
vn 0.3770 -0.8820 0.2830
vn 0.3796 -0.9094 0.1701
vn 0.1920 -0.9366 0.2931
vn 0.1933 -0.9644 0.1804
vn -0.1920 -0.9366 0.2931
vn -0.1933 -0.9644 0.1804
vn -0.1921 0.9371 -0.2915
vn -0.1921 0.9791 -0.0670
vn -0.0000 0.9975 -0.0705
vn -0.0000 0.9555 -0.2949
vn 0.9165 -0.3978 -0.0427
vn 0.9165 -0.3555 0.1836
vn 0.8235 -0.5249 0.2151
vn 0.8235 -0.5672 -0.0108
vn -0.5483 -0.8353 0.0398
vn -0.5483 -0.7932 0.2649
vn -0.6991 -0.6726 0.2425
vn -0.6991 -0.7148 0.0170
vn -0.6991 0.6726 -0.2425
vn -0.6991 0.7148 -0.0170
vn -0.5483 0.8353 -0.0398
vn -0.5483 0.7932 -0.2649
vn 0.9165 0.3555 -0.1836
vn 0.9165 0.3978 0.0427
vn 0.9739 0.2134 0.0773
vn 0.9739 0.1710 -0.1492
vn 0.1921 -0.9791 0.0670
vn 0.1921 -0.9371 0.2915
vn -0.0000 -0.9555 0.2949
vn -0.0000 -0.9975 0.0705
vn -0.9933 -0.0212 -0.1133
vn -0.9933 0.0212 0.1133
vn -0.9739 0.2134 0.0773
vn -0.9739 0.1710 -0.1492
vn 0.1526 -0.1515 -0.9766
vn 0.1556 -0.1816 -0.9710
vn -0.0000 -0.1839 -0.9830
vn -0.0000 -0.1839 -0.9829
vn 0.5483 0.8353 -0.0398
vn 0.5483 0.7932 -0.2649
vn 0.6991 -0.6726 0.2425
vn 0.6991 -0.7148 0.0170
vn -0.8235 -0.5249 0.2151
vn -0.8235 -0.5672 -0.0108
vn -0.3771 0.9244 -0.0566
vn -0.3771 0.8824 -0.2814
vn 0.9933 0.0212 0.1133
vn 0.9933 -0.0212 -0.1133
vn -0.1921 -0.9371 0.2915
vn -0.1921 -0.9791 0.0670
vn -0.9165 0.3978 0.0427
vn -0.9165 0.3555 -0.1836
vn 0.6991 0.7148 -0.0170
vn 0.6991 0.6726 -0.2425
vn 0.5483 -0.7932 0.2649
vn 0.5483 -0.8353 0.0398
vn -0.9165 -0.3555 0.1836
vn -0.9165 -0.3978 -0.0427
vn 0.9739 -0.1710 0.1492
vn 0.9739 -0.2134 -0.0773
vn -0.3771 -0.8824 0.2814
vn -0.3771 -0.9244 0.0566
vn -0.8235 0.5672 0.0108
vn -0.8235 0.5249 -0.2151
vn 0.8235 0.5672 0.0108
vn 0.8235 0.5249 -0.2151
vn 0.3771 -0.8824 0.2814
vn 0.3771 -0.9244 0.0566
vn -0.9739 -0.1710 0.1492
vn -0.9739 -0.2134 -0.0773
vn 0.1293 0.0958 0.9870
vn 0.1437 0.1225 0.9820
vn -0.1271 0.2343 0.9638
vn -0.1144 0.2579 0.9594
vn -0.1526 0.2118 0.9653
vn -0.1556 0.1816 0.9710
vn 0.1375 0.1821 0.9736
vn 0.1349 0.1555 0.9786
vn 0.1099 0.0725 0.9913
vn -0.0973 0.2786 0.9555
vn -0.1437 0.2408 0.9599
vn 0.1271 0.1299 0.9833
vn 0.0863 0.0533 0.9948
vn -0.0765 0.2956 0.9522
vn -0.1293 0.2675 0.9549
vn 0.1144 0.1063 0.9877
vn 0.0594 0.0391 0.9975
vn -0.0527 0.3083 0.9498
vn -0.0000 0.3358 0.9419
vn -0.0303 0.3328 0.9425
vn 0.0269 0.0481 0.9985
vn -0.0000 0.0455 0.9990
vn -0.1099 0.2908 0.9505
vn 0.0973 0.0856 0.9916
vn 0.0303 0.0304 0.9991
vn -0.0269 0.3160 0.9484
vn 0.0594 0.3241 0.9441
vn 0.0303 0.3329 0.9425
vn -0.0269 0.0481 0.9985
vn -0.0527 0.0560 0.9970
vn -0.0863 0.3099 0.9468
vn 0.0765 0.0686 0.9947
vn -0.0000 0.0274 0.9996
vn -0.0000 0.3187 0.9479
vn 0.0863 0.3099 0.9468
vn -0.0765 0.0686 0.9947
vn -0.0594 0.3241 0.9441
vn 0.0527 0.0560 0.9970
vn -0.0303 0.0304 0.9991
vn 0.0269 0.3160 0.9484
vn 0.1099 0.2908 0.9505
vn -0.0973 0.0856 0.9916
vn -0.0594 0.0391 0.9975
vn 0.0527 0.3082 0.9498
vn 0.1293 0.2675 0.9549
vn -0.1144 0.1063 0.9877
vn -0.0000 -0.9550 0.2965
vn -0.0000 -0.9829 0.1839
vn -0.0863 0.0533 0.9948
vn 0.0765 0.2956 0.9522
vn 0.1437 0.2408 0.9599
vn -0.1271 0.1300 0.9833
vn -0.1099 0.0725 0.9913
vn 0.0973 0.2786 0.9555
vn 0.1526 0.2118 0.9653
vn -0.1349 0.1555 0.9786
vn -0.1293 0.0958 0.9870
vn 0.1144 0.2579 0.9594
vn 0.1556 0.1816 0.9710
vn -0.1375 0.1821 0.9736
vn -0.1437 0.1225 0.9820
vn 0.1271 0.2343 0.9638
vn 0.1526 0.1515 0.9766
vn -0.1349 0.2087 0.9686
vn -0.1526 0.1515 0.9766
vn 0.1349 0.2087 0.9686
vn -0.0000 0.1839 0.9829
vn -0.0000 0.1839 0.9830
vn -0.0000 0.9602 0.2794
vn 0.1725 0.9436 0.2826
vn -0.0000 0.8606 0.5092
vn 0.1453 0.8466 0.5120
vn 0.0566 0.4580 0.8872
vn -0.0000 0.4635 0.8861
vn 0.3387 0.8944 0.2922
vn 0.2852 0.8051 0.5201
vn 0.1110 0.4416 0.8903
vn 0.4923 0.8142 0.3077
vn 0.4144 0.7374 0.5334
vn 0.1612 0.4150 0.8954
vn 0.6275 0.7059 0.3285
vn 0.5281 0.6460 0.5512
vn 0.2051 0.3792 0.9023
vn 0.7390 0.5733 0.3539
vn 0.6217 0.5342 0.5729
vn 0.2411 0.3357 0.9106
vn 0.8222 0.4213 0.3828
vn 0.6915 0.4062 0.5974
vn 0.2679 0.2860 0.9200
vn 0.8735 0.2559 0.4140
vn 0.7346 0.2669 0.6238
vn 0.2844 0.2321 0.9302
vn 0.8909 0.0835 0.4464
vn 0.7492 0.1218 0.6511
vn 0.2900 0.1760 0.9407
vn 0.8735 -0.0889 0.4786
vn 0.7346 -0.0233 0.6781
vn 0.2844 0.1199 0.9512
vn 0.8222 -0.2545 0.5092
vn 0.6915 -0.1628 0.7038
vn 0.2679 0.0659 0.9612
vn 0.7390 -0.4066 0.5372
vn 0.6217 -0.2910 0.7272
vn 0.2412 0.0162 0.9703
vn 0.6275 -0.5394 0.5615
vn 0.5281 -0.4030 0.7475
vn 0.2051 -0.0274 0.9784
vn 0.4923 -0.6480 0.5812
vn 0.4144 -0.4947 0.7639
vn 0.1611 -0.0632 0.9849
vn 0.3387 -0.7283 0.5957
vn 0.2852 -0.5626 0.7760
vn 0.1110 -0.0898 0.9898
vn 0.1725 -0.7776 0.6046
vn 0.1453 -0.6043 0.7834
vn 0.0566 -0.1062 0.9927
vn -0.0000 -0.7942 0.6076
vn -0.0000 -0.6183 0.7859
vn -0.0000 -0.1118 0.9937
vn -0.1725 -0.7776 0.6047
vn -0.1453 -0.6043 0.7834
vn -0.0566 -0.1063 0.9927
vn -0.3387 -0.7283 0.5957
vn -0.2852 -0.5626 0.7760
vn -0.1110 -0.0898 0.9897
vn -0.4923 -0.6480 0.5812
vn -0.4144 -0.4947 0.7639
vn -0.1611 -0.0632 0.9849
vn -0.6275 -0.5394 0.5615
vn -0.5281 -0.4030 0.7475
vn -0.2051 -0.0274 0.9784
vn -0.7390 -0.4066 0.5372
vn -0.6217 -0.2910 0.7272
vn -0.2412 0.0162 0.9703
vn -0.8222 -0.2545 0.5092
vn -0.6915 -0.1628 0.7038
vn -0.2680 0.0659 0.9612
vn -0.8735 -0.0889 0.4786
vn -0.7345 -0.0233 0.6782
vn -0.2844 0.1199 0.9512
vn -0.8909 0.0835 0.4464
vn -0.7491 0.1218 0.6511
vn -0.2900 0.1760 0.9407
vn -0.8735 0.2559 0.4141
vn -0.7346 0.2669 0.6238
vn -0.2844 0.2321 0.9302
vn -0.8222 0.4213 0.3828
vn -0.6915 0.4062 0.5974
vn -0.2679 0.2860 0.9200
vn -0.7390 0.5733 0.3539
vn -0.6217 0.5342 0.5729
vn -0.2411 0.3357 0.9106
vn -0.6275 0.7059 0.3285
vn -0.5281 0.6460 0.5512
vn -0.2051 0.3792 0.9023
vn -0.4923 0.8142 0.3076
vn -0.4144 0.7374 0.5334
vn -0.1612 0.4150 0.8954
vn -0.3387 0.8944 0.2921
vn -0.2852 0.8051 0.5201
vn -0.1110 0.4416 0.8903
vn -0.1725 0.9436 0.2826
vn -0.1453 0.8466 0.5120
vn -0.0566 0.4579 0.8872
vn -0.0565 -0.1063 0.9927
vn -0.1455 -0.6042 0.7834
vn -0.0000 -0.6184 0.7859
vn -0.0000 -0.7858 0.6184
vn -0.1712 -0.7693 0.6155
vn -0.1108 -0.0899 0.9898
vn -0.2856 -0.5624 0.7760
vn -0.3362 -0.7204 0.6067
vn -0.1609 -0.0634 0.9849
vn -0.4149 -0.4944 0.7638
vn -0.4887 -0.6406 0.5923
vn -0.2049 -0.0277 0.9784
vn -0.5285 -0.4026 0.7474
vn -0.6229 -0.5328 0.5728
vn -0.2410 0.0159 0.9704
vn -0.6220 -0.2905 0.7271
vn -0.7336 -0.4009 0.5487
vn -0.2678 0.0657 0.9612
vn -0.6917 -0.1624 0.7037
vn -0.8162 -0.2499 0.5210
vn -0.2844 0.1198 0.9512
vn -0.7346 -0.0231 0.6781
vn -0.8672 -0.0854 0.4906
vn -0.8844 0.0858 0.4587
vn -0.2844 0.2322 0.9302
vn -0.7346 0.2667 0.6239
vn -0.8672 0.2570 0.4266
vn -0.2679 0.2862 0.9200
vn -0.6916 0.4058 0.5974
vn -0.8162 0.4213 0.3955
vn -0.2410 0.3360 0.9105
vn -0.6220 0.5337 0.5729
vn -0.7336 0.5722 0.3667
vn -0.2049 0.3795 0.9022
vn -0.5285 0.6456 0.5513
vn -0.6229 0.7038 0.3414
vn -0.1609 0.4152 0.8954
vn -0.4149 0.7371 0.5335
vn -0.4887 0.8114 0.3207
vn -0.1108 0.4416 0.8903
vn -0.2856 0.8049 0.5202
vn -0.3362 0.8910 0.3052
vn -0.0565 0.4579 0.8872
vn -0.1455 0.8466 0.5120
vn -0.1712 0.9398 0.2957
vn -0.0000 0.4634 0.8861
vn -0.0000 0.9563 0.2925
vn 0.0565 0.4579 0.8872
vn 0.1455 0.8466 0.5120
vn 0.1712 0.9398 0.2957
vn 0.1108 0.4416 0.8903
vn 0.2856 0.8049 0.5202
vn 0.3362 0.8910 0.3052
vn 0.1609 0.4151 0.8954
vn 0.4149 0.7371 0.5335
vn 0.4887 0.8114 0.3206
vn 0.2049 0.3795 0.9022
vn 0.5285 0.6456 0.5513
vn 0.6229 0.7039 0.3414
vn 0.2410 0.3360 0.9105
vn 0.6220 0.5337 0.5729
vn 0.7336 0.5722 0.3667
vn 0.2679 0.2862 0.9200
vn 0.6917 0.4058 0.5974
vn 0.8162 0.4213 0.3955
vn 0.2844 0.2322 0.9302
vn 0.7346 0.2667 0.6238
vn 0.8672 0.2570 0.4265
vn 0.8844 0.0858 0.4587
vn 0.2844 0.1198 0.9512
vn 0.7346 -0.0231 0.6781
vn 0.8672 -0.0854 0.4906
vn 0.2679 0.0657 0.9612
vn 0.6916 -0.1624 0.7038
vn 0.8161 -0.2498 0.5210
vn 0.2410 0.0159 0.9704
vn 0.6220 -0.2905 0.7271
vn 0.7336 -0.4009 0.5487
vn 0.2049 -0.0277 0.9784
vn 0.5285 -0.4026 0.7474
vn 0.6229 -0.5328 0.5728
vn 0.1609 -0.0634 0.9849
vn 0.4149 -0.4944 0.7638
vn 0.4887 -0.6406 0.5923
vn 0.1108 -0.0899 0.9898
vn 0.2856 -0.5624 0.7760
vn 0.3362 -0.7204 0.6067
vn 0.0565 -0.1063 0.9927
vn 0.1455 -0.6043 0.7834
vn 0.1712 -0.7693 0.6155
vn 0.1725 0.7776 -0.6046
vn -0.0000 0.7942 -0.6076
vn 0.1453 0.6043 -0.7834
vn -0.0000 0.6184 -0.7859
vn -0.0000 0.1118 -0.9937
vn 0.0566 0.1062 -0.9927
vn 0.0303 -0.0304 -0.9991
vn -0.0000 -0.0274 -0.9996
vn 0.3387 0.7283 -0.5957
vn 0.2852 0.5626 -0.7760
vn 0.1110 0.0899 -0.9897
vn 0.0594 -0.0391 -0.9975
vn 0.4923 0.6480 -0.5812
vn 0.4144 0.4947 -0.7639
vn 0.1612 0.0633 -0.9849
vn 0.0863 -0.0533 -0.9948
vn 0.6275 0.5394 -0.5615
vn 0.5281 0.4030 -0.7475
vn 0.2051 0.0275 -0.9783
vn 0.1099 -0.0724 -0.9913
vn 0.7390 0.4066 -0.5372
vn 0.6217 0.2910 -0.7272
vn 0.2412 -0.0162 -0.9703
vn 0.1293 -0.0958 -0.9870
vn 0.8222 0.2545 -0.5092
vn 0.6915 0.1628 -0.7038
vn 0.2679 -0.0659 -0.9612
vn 0.1437 -0.1225 -0.9820
vn 0.8735 0.0889 -0.4786
vn 0.7346 0.0233 -0.6781
vn 0.2844 -0.1199 -0.9512
vn 0.8909 -0.0835 -0.4464
vn 0.7491 -0.1218 -0.6511
vn 0.2900 -0.1760 -0.9407
vn 0.8735 -0.2559 -0.4140
vn 0.7346 -0.2669 -0.6238
vn 0.2844 -0.2321 -0.9302
vn 0.1526 -0.2118 -0.9653
vn 0.8222 -0.4213 -0.3828
vn 0.6915 -0.4062 -0.5974
vn 0.2679 -0.2860 -0.9200
vn 0.1437 -0.2408 -0.9599
vn 0.7390 -0.5733 -0.3539
vn 0.6217 -0.5342 -0.5728
vn 0.2411 -0.3357 -0.9106
vn 0.1293 -0.2675 -0.9549
vn 0.6275 -0.7059 -0.3285
vn 0.5281 -0.6460 -0.5512
vn 0.2051 -0.3792 -0.9023
vn 0.1099 -0.2908 -0.9505
vn 0.4923 -0.8142 -0.3076
vn 0.4144 -0.7374 -0.5334
vn 0.1612 -0.4150 -0.8954
vn 0.0863 -0.3099 -0.9468
vn 0.3387 -0.8944 -0.2922
vn 0.2852 -0.8051 -0.5201
vn 0.1110 -0.4416 -0.8903
vn 0.0594 -0.3241 -0.9441
vn 0.1725 -0.9436 -0.2826
vn 0.1453 -0.8466 -0.5120
vn 0.0566 -0.4579 -0.8872
vn 0.0303 -0.3329 -0.9425
vn -0.0000 -0.9602 -0.2794
vn -0.0000 -0.8606 -0.5092
vn -0.0000 -0.4635 -0.8861
vn -0.0000 -0.3358 -0.9419
vn -0.1725 -0.9436 -0.2826
vn -0.1453 -0.8466 -0.5120
vn -0.0566 -0.4579 -0.8872
vn -0.0303 -0.3329 -0.9425
vn -0.3387 -0.8944 -0.2922
vn -0.2852 -0.8051 -0.5201
vn -0.1110 -0.4416 -0.8903
vn -0.0594 -0.3241 -0.9441
vn -0.4923 -0.8142 -0.3077
vn -0.4144 -0.7374 -0.5334
vn -0.1612 -0.4150 -0.8954
vn -0.0863 -0.3099 -0.9468
vn -0.6275 -0.7059 -0.3285
vn -0.5281 -0.6460 -0.5512
vn -0.2051 -0.3793 -0.9023
vn -0.1099 -0.2908 -0.9504
vn -0.7390 -0.5733 -0.3539
vn -0.6217 -0.5342 -0.5728
vn -0.2411 -0.3357 -0.9106
vn -0.1293 -0.2675 -0.9549
vn -0.8222 -0.4213 -0.3828
vn -0.6915 -0.4062 -0.5974
vn -0.2679 -0.2860 -0.9200
vn -0.1437 -0.2408 -0.9599
vn -0.8735 -0.2559 -0.4141
vn -0.7346 -0.2669 -0.6238
vn -0.2844 -0.2321 -0.9302
vn -0.1526 -0.2118 -0.9653
vn -0.8909 -0.0835 -0.4464
vn -0.7491 -0.1218 -0.6511
vn -0.2900 -0.1760 -0.9407
vn -0.1556 -0.1816 -0.9710
vn -0.8735 0.0889 -0.4786
vn -0.7346 0.0233 -0.6781
vn -0.2845 -0.1199 -0.9512
vn -0.1526 -0.1515 -0.9766
vn -0.8222 0.2545 -0.5092
vn -0.6915 0.1628 -0.7038
vn -0.2680 -0.0659 -0.9612
vn -0.1437 -0.1225 -0.9820
vn -0.7390 0.4066 -0.5372
vn -0.6217 0.2910 -0.7272
vn -0.2412 -0.0162 -0.9703
vn -0.1293 -0.0958 -0.9870
vn -0.6275 0.5394 -0.5615
vn -0.5281 0.4031 -0.7475
vn -0.2051 0.0275 -0.9783
vn -0.1099 -0.0724 -0.9913
vn -0.4923 0.6480 -0.5812
vn -0.4144 0.4947 -0.7639
vn -0.1612 0.0633 -0.9849
vn -0.0863 -0.0533 -0.9948
vn -0.3387 0.7283 -0.5957
vn -0.2852 0.5626 -0.7760
vn -0.1110 0.0899 -0.9897
vn -0.0594 -0.0391 -0.9975
vn -0.1725 0.7776 -0.6046
vn -0.1453 0.6043 -0.7834
vn -0.0566 0.1062 -0.9927
vn -0.0303 -0.0304 -0.9991
vn -0.0000 -0.1838 -0.9830
vn 0.0086 0.1397 0.9902
vn -0.0155 0.1471 0.9890
vn -0.0086 0.1397 0.9902
vn 0.0155 0.1471 0.9890
vt 0.379109 0.495952
vt 0.414448 0.466064
vt 0.440167 0.501251
vt 0.409190 0.531518
vt 0.463531 0.538433
vt 0.439272 0.567085
vt 0.449786 0.436175
vt 0.469139 0.468614
vt 0.475058 0.504280
vt 0.374203 0.557043
vt 0.343772 0.525840
vt 0.337210 0.580196
vt 0.308434 0.555727
vt 0.406991 0.586253
vt 0.371399 0.591952
vt 0.318052 0.490652
vt 0.349028 0.460385
vt 0.294688 0.453472
vt 0.318947 0.424820
vt 0.289080 0.523289
vt 0.283161 0.487623
vt 0.384016 0.434861
vt 0.421009 0.411708
vt 0.351229 0.405650
vt 0.386820 0.399952
vt 0.555800 0.883865
vt 0.554482 0.846493
vt 0.580264 0.840735
vt 0.575156 0.883179
vt 0.647557 0.937884
vt 0.598460 0.971817
vt 0.583701 0.946639
vt 0.636420 0.910255
vt 0.609230 0.988324
vt 0.659077 0.953297
vt 0.699265 0.912813
vt 0.691461 0.937114
vt 0.688904 0.934956
vt 0.697192 0.913414
vt 0.687249 0.876245
vt 0.648065 0.863305
vt 0.638500 0.845791
vt 0.652653 0.826073
vt 0.612986 0.824104
vt 0.604141 0.882148
vt 0.686053 0.881700
vt 0.687060 0.931326
vt 0.693566 0.912022
vt 0.639784 0.911020
vt 0.688528 0.884414
vt 0.642869 0.913305
vt 0.648372 0.935515
vt 0.660112 0.949880
vt 0.652106 0.933416
vt 0.660775 0.946133
vt 0.631776 0.876267
vt 0.601637 0.861509
vt 0.617273 0.858186
vt 0.643993 0.861610
vt 0.635075 0.846727
vt 0.617942 0.866839
vt 0.620831 0.850094
vt 0.625056 0.854145
vt 0.622187 0.863695
vt 0.613988 0.868667
vt 0.617168 0.848405
vt 0.632549 0.872295
vt 0.619808 0.860732
vt 0.638421 0.859616
vt 0.632213 0.866440
vt 0.634215 0.868008
vt 0.637684 0.857190
vt 0.622240 0.866392
vt 0.631716 0.851297
vt 0.624879 0.863301
vt 0.628615 0.853322
vt 0.536445 0.884545
vt 0.528360 0.842567
vt 0.428221 0.927742
vt 0.450605 0.908116
vt 0.481374 0.964263
vt 0.456864 0.980106
vt 0.439826 0.990000
vt 0.410982 0.936308
vt 0.393554 0.881965
vt 0.395127 0.883442
vt 0.392742 0.906398
vt 0.389489 0.907167
vt 0.474965 0.826122
vt 0.479745 0.849104
vt 0.461014 0.861193
vt 0.420684 0.854769
vt 0.507457 0.885561
vt 0.494554 0.828279
vt 0.419360 0.860160
vt 0.398988 0.883865
vt 0.396043 0.904017
vt 0.447260 0.907240
vt 0.443462 0.907861
vt 0.415933 0.861472
vt 0.411596 0.932790
vt 0.428557 0.925256
vt 0.426162 0.921706
vt 0.412709 0.929158
vt 0.470784 0.880094
vt 0.491532 0.870235
vt 0.504092 0.880608
vt 0.496655 0.872825
vt 0.492115 0.852809
vt 0.479733 0.852751
vt 0.464744 0.861995
vt 0.492560 0.871298
vt 0.488019 0.868553
vt 0.484981 0.859084
vt 0.488622 0.854743
vt 0.471840 0.876246
vt 0.488125 0.868333
vt 0.470263 0.863215
vt 0.471979 0.861255
vt 0.474873 0.872437
vt 0.473520 0.870775
vt 0.484258 0.871698
vt 0.478522 0.857679
vt 0.485163 0.868434
vt 0.481504 0.858364
vt 0.706341 0.800766
vt 0.709326 0.769562
vt 0.729296 0.775882
vt 0.723626 0.806625
vt 0.410219 0.748741
vt 0.418245 0.779756
vt 0.401378 0.789430
vt 0.390905 0.758122
vt 0.541387 0.747651
vt 0.537246 0.743589
vt 0.558383 0.748221
vt 0.558383 0.753093
vt 0.534194 0.785222
vt 0.537019 0.781042
vt 0.555068 0.786641
vt 0.554067 0.791842
vt 0.421545 0.782652
vt 0.403241 0.792999
vt 0.594555 0.731019
vt 0.600168 0.762358
vt 0.596406 0.760895
vt 0.590501 0.732045
vt 0.430637 0.814878
vt 0.412216 0.823192
vt 0.532036 0.747347
vt 0.529377 0.780203
vt 0.425156 0.776384
vt 0.420013 0.744964
vt 0.707206 0.734490
vt 0.711753 0.727888
vt 0.715955 0.731887
vt 0.710832 0.733415
vt 0.704434 0.764615
vt 0.707578 0.761954
vt 0.712089 0.765339
vt 0.421416 0.774864
vt 0.415944 0.745929
vt 0.409639 0.744503
vt 0.415065 0.741962
vt 0.390226 0.753811
vt 0.530741 0.816378
vt 0.536242 0.749102
vt 0.532560 0.777590
vt 0.532600 0.750123
vt 0.547936 0.822495
vt 0.593309 0.765833
vt 0.584819 0.734942
vt 0.596652 0.768680
vt 0.589563 0.728091
vt 0.584176 0.730713
vt 0.706601 0.731723
vt 0.606225 0.800766
vt 0.565648 0.744611
vt 0.564904 0.740311
vt 0.587931 0.809354
vt 0.578505 0.779300
vt 0.733031 0.737073
vt 0.730219 0.770667
vt 0.576588 0.775759
vt 0.732958 0.732202
vt 0.025061 0.977937
vt 0.026998 0.980050
vt 0.028298 0.979677
vt 0.026348 0.977489
vt 0.026535 0.980146
vt 0.024748 0.978127
vt 0.015952 0.979404
vt 0.014663 0.981834
vt 0.021742 0.979763
vt 0.010000 0.980029
vt 0.011878 0.980733
vt 0.019413 0.980501
vt 0.021877 0.980361
vt 0.019605 0.980069
vt 0.021141 0.979530
vt 0.022643 0.981660
vt 0.381149 0.984966
vt 0.367593 0.982452
vt 0.365405 0.983721
vt 0.378703 0.975901
vt 0.361977 0.981312
vt 0.364104 0.981483
vt 0.392476 0.946196
vt 0.391421 0.944972
vt 0.388715 0.940358
vt 0.388887 0.941720
vt 0.392672 0.944692
vt 0.393146 0.944554
vt 0.392806 0.946391
vt 0.391840 0.954553
vt 0.391804 0.952794
vt 0.391175 0.940353
vt 0.391100 0.940053
vt 0.393660 0.943511
vt 0.390917 0.938811
vt 0.391096 0.949347
vt 0.389117 0.942003
vt 0.388683 0.950793
vt 0.375180 0.990000
vt 0.375180 0.978148
vt 0.520656 0.621632
vt 0.516865 0.645293
vt 0.446491 0.632616
vt 0.451468 0.621061
vt 0.640514 0.686037
vt 0.502793 0.686367
vt 0.626932 0.644642
vt 0.643756 0.709652
vt 0.496022 0.709633
vt 0.495346 0.586500
vt 0.645571 0.582817
vt 0.624745 0.620847
vt 0.403954 0.613513
vt 0.409634 0.603064
vt 0.523887 0.578525
vt 0.454778 0.599901
vt 0.445647 0.654959
vt 0.439854 0.665880
vt 0.471569 0.613206
vt 0.411357 0.595463
vt 0.398237 0.618903
vt 0.390259 0.629121
vt 0.106378 0.346307
vt 0.177112 0.345682
vt 0.174790 0.395781
vt 0.107257 0.396110
vt 0.260212 0.568809
vt 0.260377 0.611111
vt 0.230925 0.611292
vt 0.230519 0.569066
vt 0.000485 0.348445
vt 0.002153 0.398342
vt 0.224002 0.568955
vt 0.223839 0.611291
vt 0.194387 0.611111
vt 0.194550 0.568809
vt 0.107577 0.408459
vt 0.175112 0.407901
vt 0.177592 0.458416
vt 0.106628 0.458233
vt 0.176351 0.239085
vt 0.104825 0.239662
vt 0.002200 0.408102
vt 0.001017 0.458095
vt 0.279556 0.396970
vt 0.174791 0.395779
vt 0.177112 0.345680
vt 0.281626 0.346386
vt 0.276144 0.402344
vt 0.176313 0.402713
vt 0.176172 0.401416
vt 0.276006 0.401041
vt 0.105940 0.401668
vt 0.176172 0.401419
vt 0.176312 0.402714
vt 0.106138 0.402939
vt 0.279556 0.396972
vt 0.281626 0.346388
vt 0.276143 0.402348
vt 0.276005 0.401042
vt 0.106187 0.564833
vt 0.106629 0.458232
vt 0.177592 0.458414
vt 0.177748 0.565064
vt 0.105941 0.401667
vt 0.106139 0.402938
vt 0.176352 0.239084
vt 0.106379 0.346306
vt 0.227766 0.609875
vt 0.227771 0.570540
vt 0.006384 0.402538
vt 0.006403 0.403845
vt 0.177746 0.565064
vt 0.006385 0.402536
vt 0.006404 0.403844
vt 0.226998 0.609875
vt 0.227003 0.570540
vt 0.002202 0.408102
vt 0.107577 0.408457
vt 0.175113 0.407900
vt 0.280002 0.406747
vt 0.000486 0.348444
vt 0.107259 0.396109
vt 0.002154 0.398341
vt 0.260213 0.569075
vt 0.260206 0.611377
vt 0.230754 0.611439
vt 0.230518 0.569212
vt 0.227600 0.610009
vt 0.227765 0.570675
vt 0.226832 0.610006
vt 0.223667 0.611410
vt 0.224002 0.569075
vt 0.226997 0.570672
vt 0.280002 0.406745
vt 0.194217 0.611110
vt 0.282086 0.456874
vt 0.282083 0.456876
vt 0.021362 0.620495
vt 0.022349 0.625442
vt 0.026246 0.641175
vt 0.024037 0.637285
vt 0.021409 0.626986
vt 0.023847 0.621601
vt 0.026246 0.635577
vt 0.024722 0.639481
vt 0.021738 0.626784
vt 0.022894 0.625320
vt 0.023788 0.619943
vt 0.023935 0.621218
vt 0.021396 0.620201
vt 0.021463 0.618851
vt 0.020426 0.624237
vt 0.021475 0.625453
vt 0.388621 0.974902
vt 0.388838 0.962291
vt 0.393294 0.970973
vt 0.397770 0.971080
vt 0.394687 0.975031
vt 0.398426 0.977057
vt 0.396069 0.973111
vt 0.399915 0.979574
vt 0.397817 0.973419
vt 0.399457 0.979375
vt 0.377937 0.631986
vt 0.374131 0.635196
vt 0.359297 0.635097
vt 0.362681 0.632862
vt 0.374341 0.634885
vt 0.373968 0.634086
vt 0.374270 0.634624
vt 0.379383 0.633970
vt 0.364566 0.635097
vt 0.361330 0.633619
vt 0.375877 0.636140
vt 0.381149 0.633551
vt 0.379796 0.633877
vt 0.378235 0.631813
vt 0.379500 0.631362
vt 0.375246 0.633891
vt 0.395891 0.979420
vt 0.395891 0.963244
vt 0.693050 0.621632
vt 0.697499 0.633372
vt 0.735262 0.604888
vt 0.740575 0.615624
vt 0.621016 0.578076
vt 0.690172 0.600096
vt 0.697364 0.655807
vt 0.702452 0.667072
vt 0.673082 0.613474
vt 0.733729 0.597234
vt 0.745937 0.621351
vt 0.753309 0.631976
vt 0.954605 0.836976
vt 0.945320 0.827061
vt 0.958332 0.812879
vt 0.969805 0.825207
vt 0.934511 0.818908
vt 0.944919 0.802740
vt 0.922471 0.812782
vt 0.929947 0.795109
vt 0.909532 0.808874
vt 0.913850 0.790226
vt 0.896066 0.807317
vt 0.897098 0.788254
vt 0.882470 0.808179
vt 0.880206 0.789272
vt 0.869165 0.811443
vt 0.863688 0.793262
vt 0.856561 0.817050
vt 0.848040 0.800103
vt 0.844944 0.824787
vt 0.833708 0.809541
vt 0.834656 0.834445
vt 0.821101 0.821255
vt 0.825839 0.845789
vt 0.810476 0.834754
vt 0.818318 0.858504
vt 0.801652 0.849256
vt 0.818956 0.921259
vt 0.825764 0.934323
vt 0.809915 0.945274
vt 0.801641 0.930208
vt 0.834356 0.945829
vt 0.820394 0.959092
vt 0.844589 0.955546
vt 0.833023 0.970926
vt 0.856233 0.963215
vt 0.847463 0.980304
vt 0.869008 0.968571
vt 0.863254 0.986919
vt 0.882434 0.971598
vt 0.879900 0.990645
vt 0.896124 0.972196
vt 0.896901 0.991362
vt 0.909680 0.970341
vt 0.913754 0.989043
vt 0.922701 0.966081
vt 0.929942 0.983749
vt 0.934785 0.959539
vt 0.944957 0.975650
vt 0.945548 0.950923
vt 0.958332 0.965003
vt 0.954643 0.940490
vt 0.969666 0.952177
vt 0.961891 0.928637
vt 0.978675 0.937641
vt 0.967072 0.915743
vt 0.985152 0.921881
vt 0.970146 0.902215
vt 0.989089 0.905368
vt 0.971216 0.888415
vt 0.990499 0.888482
vt 0.970285 0.874613
vt 0.989353 0.871567
vt 0.967194 0.861171
vt 0.985509 0.855042
vt 0.961933 0.848488
vt 0.978952 0.839413
vt 0.917691 0.866549
vt 0.912437 0.860607
vt 0.906482 0.855818
vt 0.900186 0.852327
vt 0.893948 0.850191
vt 0.888149 0.849344
vt 0.883065 0.849585
vt 0.878763 0.850655
vt 0.875085 0.852352
vt 0.871724 0.854750
vt 0.868475 0.858078
vt 0.865319 0.862528
vt 0.862395 0.868143
vt 0.857630 0.899103
vt 0.860784 0.905363
vt 0.865371 0.911389
vt 0.871136 0.916812
vt 0.877810 0.921304
vt 0.885100 0.924565
vt 0.892583 0.926469
vt 0.899840 0.927025
vt 0.906466 0.926353
vt 0.912140 0.924686
vt 0.916695 0.922323
vt 0.920178 0.919531
vt 0.922818 0.916412
vt 0.924859 0.912782
vt 0.926377 0.908305
vt 0.927260 0.902741
vt 0.927307 0.896049
vt 0.926702 0.888586
vt 0.924937 0.880902
vt 0.921903 0.873436
vt 0.892470 0.894991
vt 0.893463 0.884625
vt 0.351214 0.657429
vt 0.351214 0.951672
vt 0.324685 0.925144
vt 0.324687 0.683957
vt 0.039685 0.951672
vt 0.039685 0.657429
vt 0.066214 0.683957
vt 0.066214 0.925144
vt 0.010000 0.964955
vt 0.010000 0.644147
vt 0.342571 0.960314
vt 0.048328 0.960314
vt 0.074857 0.933787
vt 0.316044 0.933787
vt 0.380900 0.964955
vt 0.380900 0.644147
vt 0.355854 0.990000
vt 0.035045 0.990000
vt 0.048328 0.648787
vt 0.342570 0.648786
vt 0.316042 0.675314
vt 0.074856 0.675315
vt 0.035045 0.619102
vt 0.355853 0.619101
vt 0.090552 0.909449
vt 0.090552 0.699653
vt 0.300347 0.699653
vt 0.300347 0.909448
vt 0.509834 0.956412
vt 0.485253 0.941954
vt 0.502357 0.920664
vt 0.508539 0.945752
vt 0.509820 0.919530
vt 0.515439 0.944312
vt 0.471343 0.918294
vt 0.496296 0.899226
vt 0.534778 0.930085
vt 0.519509 0.953514
vt 0.505547 0.896722
vt 0.536207 0.902695
vt 0.509939 0.955541
vt 0.486036 0.941151
vt 0.503906 0.920638
vt 0.509682 0.945181
vt 0.511452 0.919928
vt 0.516737 0.945150
vt 0.472711 0.917400
vt 0.498253 0.899046
vt 0.536177 0.931472
vt 0.519888 0.954724
vt 0.507600 0.896858
vt 0.538181 0.903808
vt 0.502991 0.919878
vt 0.510489 0.946145
vt 0.512372 0.956894
vt 0.485844 0.942270
vt 0.535791 0.927186
vt 0.522334 0.953343
vt 0.517694 0.944327
vt 0.510977 0.918752
vt 0.508332 0.896846
vt 0.497962 0.897451
vt 0.535875 0.902342
vt 0.471589 0.917179
vt 0.503623 0.920438
vt 0.510440 0.946797
vt 0.512050 0.957555
vt 0.485980 0.942323
vt 0.536124 0.928535
vt 0.522064 0.954264
vt 0.517665 0.945164
vt 0.511608 0.919514
vt 0.509518 0.897620
vt 0.499169 0.897965
vt 0.536825 0.903781
vt 0.472400 0.916967
vt 0.503757 0.919753
vt 0.509776 0.946397
vt 0.511056 0.957236
vt 0.485386 0.941152
vt 0.536097 0.928881
vt 0.521200 0.954245
vt 0.517071 0.944985
vt 0.511793 0.919075
vt 0.510376 0.897056
vt 0.499989 0.897080
vt 0.537568 0.904080
vt 0.472555 0.915304
vt 0.503004 0.920438
vt 0.509905 0.946867
vt 0.511544 0.957656
vt 0.485354 0.942435
vt 0.535629 0.928485
vt 0.521584 0.954332
vt 0.517150 0.945214
vt 0.511014 0.919493
vt 0.508864 0.897532
vt 0.498484 0.897903
vt 0.536275 0.903650
vt 0.471671 0.917028
vt 0.570110 0.907782
vt 0.571449 0.904766
vt 0.574918 0.907333
vt 0.572811 0.909479
vt 0.592010 0.894219
vt 0.595829 0.895426
vt 0.593990 0.900309
vt 0.590940 0.900059
vt 0.569155 0.910566
vt 0.570802 0.911655
vt 0.587808 0.893921
vt 0.587931 0.900278
vt 0.568386 0.913470
vt 0.568346 0.913795
vt 0.583471 0.894671
vt 0.585044 0.900949
vt 0.579462 0.896428
vt 0.582300 0.902045
vt 0.603803 0.901934
vt 0.605583 0.904509
vt 0.605745 0.904810
vt 0.602684 0.903549
vt 0.576067 0.898854
vt 0.579672 0.903535
vt 0.601749 0.899638
vt 0.599897 0.902141
vt 0.573400 0.901716
vt 0.577200 0.905324
vt 0.599101 0.897326
vt 0.596996 0.901021
vt 0.605972 0.905298
vt 0.602513 0.904668
vt 0.583043 0.904377
vt 0.580532 0.905648
vt 0.599755 0.903689
vt 0.578125 0.907168
vt 0.596927 0.902931
vt 0.575817 0.908870
vt 0.594066 0.902496
vt 0.573594 0.910682
vt 0.591213 0.902427
vt 0.571408 0.912518
vt 0.588407 0.902731
vt 0.568305 0.914313
vt 0.585675 0.903396
vt 0.594191 0.904670
vt 0.591478 0.904782
vt 0.574187 0.912016
vt 0.571873 0.913500
vt 0.588817 0.905173
vt 0.568267 0.915004
vt 0.586217 0.905831
vt 0.583684 0.906726
vt 0.606221 0.905955
vt 0.602431 0.905816
vt 0.581226 0.907830
vt 0.599696 0.905246
vt 0.578836 0.909111
vt 0.596939 0.904836
vt 0.576497 0.910526
vt 0.584231 0.909090
vt 0.581801 0.910048
vt 0.602417 0.906988
vt 0.599720 0.906799
vt 0.579401 0.911113
vt 0.597031 0.906726
vt 0.577015 0.912258
vt 0.594376 0.906826
vt 0.574628 0.913437
vt 0.591766 0.907120
vt 0.572211 0.914578
vt 0.589208 0.907603
vt 0.568250 0.915829
vt 0.586699 0.908268
vt 0.606453 0.906750
vt 0.574951 0.914913
vt 0.572450 0.915723
vt 0.592090 0.909436
vt 0.589602 0.910023
vt 0.568279 0.916741
vt 0.587148 0.910707
vt 0.584715 0.911470
vt 0.606645 0.907644
vt 0.602460 0.908183
vt 0.582289 0.912293
vt 0.599818 0.908346
vt 0.579860 0.913156
vt 0.597200 0.908596
vt 0.577416 0.914038
vt 0.594622 0.908959
vt 0.582710 0.914564
vt 0.580236 0.915232
vt 0.599983 0.909877
vt 0.597439 0.910442
vt 0.577729 0.915853
vt 0.594931 0.911063
vt 0.575184 0.916419
vt 0.592458 0.911731
vt 0.572609 0.916912
vt 0.590013 0.912431
vt 0.568377 0.917699
vt 0.587584 0.913147
vt 0.585154 0.913865
vt 0.606791 0.908596
vt 0.602559 0.909384
vt 0.572707 0.918113
vt 0.568522 0.918653
vt 0.590453 0.914825
vt 0.588020 0.915588
vt 0.585566 0.916272
vt 0.606889 0.909555
vt 0.602718 0.910573
vt 0.583077 0.916859
vt 0.600218 0.911383
vt 0.580547 0.917336
vt 0.597752 0.912257
vt 0.577968 0.917700
vt 0.595308 0.913139
vt 0.575350 0.917951
vt 0.592879 0.914003
vt 0.600540 0.912859
vt 0.598153 0.914038
vt 0.580792 0.919469
vt 0.578136 0.919569
vt 0.595767 0.915182
vt 0.575448 0.919497
vt 0.593366 0.916248
vt 0.572751 0.919307
vt 0.590937 0.917205
vt 0.568714 0.919546
vt 0.588469 0.918028
vt 0.585960 0.918692
vt 0.606919 0.910467
vt 0.602957 0.911718
vt 0.583402 0.919176
vt 0.591484 0.919570
vt 0.588951 0.920465
vt 0.586351 0.921122
vt 0.606902 0.911292
vt 0.603295 0.912796
vt 0.583690 0.921514
vt 0.600981 0.914279
vt 0.580977 0.921625
vt 0.598672 0.915771
vt 0.578228 0.921460
vt 0.596331 0.917185
vt 0.575473 0.921051
vt 0.593941 0.918466
vt 0.572738 0.920481
vt 0.568947 0.920342
vt 0.581102 0.923800
vt 0.578242 0.923365
vt 0.599352 0.917427
vt 0.597043 0.919127
vt 0.575413 0.922607
vt 0.594636 0.920647
vt 0.572654 0.921628
vt 0.592125 0.921919
vt 0.569195 0.920999
vt 0.589492 0.922900
vt 0.586761 0.923565
vt 0.606863 0.911983
vt 0.603760 0.913777
vt 0.583956 0.923868
vt 0.601574 0.915613
vt 0.590124 0.925347
vt 0.587237 0.926018
vt 0.606822 0.912499
vt 0.604365 0.914640
vt 0.584228 0.926236
vt 0.602356 0.916817
vt 0.581178 0.925987
vt 0.600250 0.918962
vt 0.578173 0.925274
vt 0.597968 0.920972
vt 0.575270 0.924155
vt 0.595496 0.922761
vt 0.572484 0.922746
vt 0.592867 0.924250
vt 0.569423 0.921485
vt 0.603719 0.921530
vt 0.601767 0.924580
vt 0.576066 0.928970
vt 0.573418 0.926658
vt 0.599101 0.927441
vt 0.571366 0.924363
vt 0.595707 0.929866
vt 0.569584 0.921788
vt 0.591696 0.931625
vt 0.587361 0.932375
vt 0.606782 0.912825
vt 0.606013 0.915729
vt 0.583159 0.932077
vt 0.605057 0.918514
vt 0.579339 0.930869
vt 0.557428 0.927680
vt 0.557882 0.930837
vt 0.555067 0.931893
vt 0.554128 0.927680
vt 0.536147 0.942196
vt 0.541919 0.943588
vt 0.540909 0.946476
vt 0.535703 0.946176
vt 0.560358 0.927936
vt 0.560686 0.929885
vt 0.537580 0.938234
vt 0.543340 0.940926
vt 0.563325 0.928411
vt 0.563638 0.928508
vt 0.540025 0.934574
vt 0.545124 0.938558
vt 0.543257 0.931622
vt 0.547239 0.936496
vt 0.538417 0.956104
vt 0.540346 0.955738
vt 0.540258 0.959047
vt 0.540046 0.958777
vt 0.546851 0.929503
vt 0.549667 0.934698
vt 0.537149 0.953297
vt 0.540190 0.952620
vt 0.550548 0.928226
vt 0.552304 0.933164
vt 0.536112 0.949938
vt 0.540343 0.949513
vt 0.541438 0.956036
vt 0.540610 0.959452
vt 0.551249 0.936341
vt 0.549069 0.938121
vt 0.541662 0.953117
vt 0.553615 0.934758
vt 0.542117 0.950224
vt 0.556106 0.933337
vt 0.542880 0.947433
vt 0.558666 0.932041
vt 0.543973 0.944797
vt 0.561229 0.930788
vt 0.545389 0.942356
vt 0.564128 0.928680
vt 0.547105 0.940129
vt 0.546018 0.945995
vt 0.544816 0.948430
vt 0.561940 0.931611
vt 0.559643 0.933124
vt 0.547454 0.943722
vt 0.564775 0.928924
vt 0.549111 0.941612
vt 0.550956 0.939660
vt 0.542520 0.956426
vt 0.541110 0.959946
vt 0.552962 0.937860
vt 0.543108 0.953695
vt 0.555102 0.936195
vt 0.543851 0.951009
vt 0.557344 0.934631
vt 0.554756 0.939286
vt 0.552895 0.941119
vt 0.544520 0.954347
vt 0.543598 0.956889
vt 0.556703 0.937524
vt 0.545544 0.951861
vt 0.558717 0.935807
vt 0.546713 0.949473
vt 0.560763 0.934104
vt 0.548037 0.947206
vt 0.562786 0.932357
vt 0.549518 0.945065
vt 0.565536 0.929243
vt 0.551143 0.943040
vt 0.541743 0.960482
vt 0.563736 0.933040
vt 0.561981 0.934997
vt 0.551571 0.946406
vt 0.550023 0.948443
vt 0.566358 0.929640
vt 0.553190 0.944441
vt 0.554875 0.942526
vt 0.544673 0.957413
vt 0.542481 0.961020
vt 0.556611 0.940642
vt 0.545893 0.955064
vt 0.558385 0.938772
vt 0.547185 0.952773
vt 0.560182 0.936896
vt 0.548561 0.950563
vt 0.560130 0.939958
vt 0.558516 0.941948
vt 0.548774 0.953740
vt 0.547225 0.955836
vt 0.561714 0.937918
vt 0.550360 0.951699
vt 0.563265 0.935822
vt 0.551972 0.949710
vt 0.564758 0.933667
vt 0.553604 0.947759
vt 0.567195 0.930118
vt 0.555244 0.945829
vt 0.556886 0.943899
vt 0.545730 0.957990
vt 0.543294 0.961539
vt 0.568005 0.930637
vt 0.565816 0.934244
vt 0.557298 0.947217
vt 0.555613 0.949132
vt 0.558919 0.945251
vt 0.546753 0.958618
vt 0.544131 0.962018
vt 0.560465 0.943215
vt 0.548508 0.956661
vt 0.561927 0.941095
vt 0.550306 0.954761
vt 0.563305 0.938885
vt 0.552103 0.952886
vt 0.564596 0.936594
vt 0.553878 0.951015
vt 0.551771 0.955850
vt 0.549725 0.957554
vt 0.564946 0.939797
vt 0.563777 0.942185
vt 0.553785 0.954134
vt 0.565970 0.937310
vt 0.555734 0.952371
vt 0.566890 0.934768
vt 0.557593 0.950539
vt 0.568745 0.931175
vt 0.559345 0.948617
vt 0.560970 0.946593
vt 0.547702 0.959301
vt 0.544952 0.962415
vt 0.562451 0.944451
vt 0.561379 0.950045
vt 0.559534 0.951998
vt 0.563034 0.947936
vt 0.548550 0.960047
vt 0.545713 0.962734
vt 0.564471 0.945662
vt 0.550846 0.958533
vt 0.565673 0.943227
vt 0.553144 0.957027
vt 0.566637 0.940648
vt 0.555386 0.955462
vt 0.567380 0.937963
vt 0.557526 0.953797
vt 0.567968 0.935232
vt 0.569378 0.931711
vt 0.568373 0.941433
vt 0.567610 0.944224
vt 0.556875 0.956899
vt 0.554382 0.958320
vt 0.568827 0.938540
vt 0.559239 0.955315
vt 0.569051 0.935621
vt 0.561419 0.953536
vt 0.569877 0.932204
vt 0.563385 0.951528
vt 0.565101 0.949301
vt 0.549259 0.960869
vt 0.546360 0.962978
vt 0.566515 0.946860
vt 0.551824 0.959616
vt 0.567148 0.950731
vt 0.565366 0.953098
vt 0.549804 0.961773
vt 0.546850 0.963150
vt 0.568570 0.948069
vt 0.552607 0.960819
vt 0.569579 0.945180
vt 0.555422 0.959764
vt 0.570145 0.942144
vt 0.558186 0.958493
vt 0.570300 0.939037
vt 0.560822 0.956959
vt 0.570142 0.935919
vt 0.563249 0.955161
vt 0.570230 0.932609
vt 0.559943 0.963429
vt 0.556364 0.963976
vt 0.573339 0.938359
vt 0.574378 0.941717
vt 0.563640 0.962152
vt 0.572071 0.935552
vt 0.567233 0.960033
vt 0.570440 0.932879
vt 0.570465 0.957080
vt 0.572911 0.953421
vt 0.550131 0.963721
vt 0.547163 0.963246
vt 0.574343 0.949459
vt 0.553062 0.963976
vt 0.574787 0.945479
vt 0.992723 0.302051
vt 0.693413 0.285570
vt 0.692578 0.261001
vt 0.992757 0.271143
vt 0.674074 0.235303
vt 0.677001 0.259602
vt 0.428290 0.260616
vt 0.427215 0.250449
vt 0.668972 0.211407
vt 0.424868 0.239765
vt 0.661649 0.188153
vt 0.420701 0.228401
vt 0.652039 0.165853
vt 0.413810 0.216184
vt 0.640004 0.144985
vt 0.402820 0.202947
vt 0.625321 0.126471
vt 0.385848 0.188499
vt 0.613346 0.463267
vt 0.596091 0.480917
vt 0.366112 0.367450
vt 0.385211 0.354157
vt 0.628120 0.444151
vt 0.399412 0.341775
vt 0.640962 0.423589
vt 0.409369 0.330237
vt 0.651912 0.401889
vt 0.416208 0.319382
vt 0.660953 0.379275
vt 0.420914 0.309075
vt 0.668055 0.355924
vt 0.424154 0.299178
vt 0.673202 0.332076
vt 0.426322 0.289555
vt 0.676419 0.307810
vt 0.427647 0.280023
vt 0.677681 0.283308
vt 0.428313 0.270407
vt 0.676942 0.258813
vt 0.428238 0.260596
vt 0.674057 0.234529
vt 0.427216 0.250398
vt 0.668974 0.210659
vt 0.424910 0.239677
vt 0.661653 0.187435
vt 0.420761 0.228279
vt 0.652014 0.165176
vt 0.413857 0.216048
vt 0.639926 0.144367
vt 0.402826 0.202838
vt 0.625132 0.125961
vt 0.385776 0.188483
vt 0.612822 0.464048
vt 0.595602 0.481745
vt 0.366050 0.367499
vt 0.385164 0.354218
vt 0.627591 0.444894
vt 0.399358 0.341814
vt 0.640461 0.424313
vt 0.409305 0.330250
vt 0.651476 0.402611
vt 0.416146 0.319375
vt 0.660629 0.380004
vt 0.420876 0.309061
vt 0.667878 0.356668
vt 0.424156 0.299164
vt 0.673208 0.332843
vt 0.426372 0.289544
vt 0.677821 0.284100
vt 0.428405 0.270408
vt 0.986483 0.363329
vt 0.688729 0.334227
vt 0.692040 0.310047
vt 0.990688 0.333102
vt 0.940855 0.502209
vt 0.643267 0.446037
vt 0.656306 0.425087
vt 0.952603 0.476730
vt 0.990944 0.241428
vt 0.689550 0.235924
vt 0.684360 0.211878
vt 0.987152 0.212063
vt 0.963273 0.449277
vt 0.666932 0.404120
vt 0.676172 0.381429
vt 0.972656 0.421582
vt 0.974651 0.156012
vt 0.667140 0.165796
vt 0.654909 0.143367
vt 0.966829 0.129637
vt 0.986625 0.363989
vt 0.688741 0.333311
vt 0.691833 0.309183
vt 0.990819 0.333665
vt 0.918219 0.550208
vt 0.610872 0.487037
vt 0.627732 0.467048
vt 0.929110 0.526060
vt 0.980330 0.647856
vt 0.983937 0.665962
vt 0.892816 0.674881
vt 0.892680 0.674202
vt 0.689563 0.236587
vt 0.990829 0.241172
vt 0.667393 0.403205
vt 0.963397 0.450138
vt 0.676914 0.188279
vt 0.981638 0.183581
vt 0.683450 0.358040
vt 0.980435 0.392870
vt 0.640524 0.121138
vt 0.959261 0.104075
vt 0.693278 0.284794
vt 0.992849 0.302503
vt 0.642717 0.446941
vt 0.940916 0.501374
vt 0.684353 0.212501
vt 0.987043 0.211883
vt 0.676523 0.380499
vt 0.972807 0.422397
vt 0.667116 0.165247
vt 0.974685 0.156104
vt 0.917650 0.550806
vt 0.611354 0.486081
vt 0.628272 0.466132
vt 0.928851 0.526806
vt 0.692527 0.260288
vt 0.992881 0.271489
vt 0.655781 0.425991
vt 0.952542 0.475858
vt 0.676911 0.188866
vt 0.981556 0.183458
vt 0.683650 0.357106
vt 0.980588 0.393616
vt 0.654841 0.142857
vt 0.966780 0.129730
vt 0.640336 0.120704
vt 0.959096 0.104204
vt 0.651537 0.425540
vt 0.638521 0.446399
vt 0.632696 0.445161
vt 0.645557 0.424582
vt 0.623078 0.466989
vt 0.606257 0.485616
vt 0.600489 0.482165
vt 0.617392 0.465099
vt 0.662639 0.403656
vt 0.656544 0.402850
vt 0.637970 0.447236
vt 0.632155 0.445942
vt 0.671808 0.380892
vt 0.665632 0.380193
vt 0.651013 0.426372
vt 0.645042 0.425352
vt 0.678997 0.357389
vt 0.672777 0.356780
vt 0.687504 0.309485
vt 0.684166 0.334137
vt 0.677957 0.333548
vt 0.681322 0.308948
vt 0.662182 0.404499
vt 0.656097 0.403624
vt 0.684169 0.333275
vt 0.677954 0.332739
vt 0.688040 0.259974
vt 0.688898 0.284659
vt 0.682620 0.284165
vt 0.681777 0.259567
vt 0.671460 0.381748
vt 0.665294 0.380977
vt 0.687292 0.308641
vt 0.681118 0.308131
vt 0.684996 0.235504
vt 0.678792 0.235225
vt 0.678799 0.358252
vt 0.672589 0.357577
vt 0.688761 0.283862
vt 0.682479 0.283366
vt 0.679761 0.211402
vt 0.673638 0.211291
vt 0.687991 0.259220
vt 0.681722 0.258793
vt 0.672302 0.187837
vt 0.666279 0.187990
vt 0.676616 0.308600
vt 0.427725 0.280015
vt 0.684983 0.234793
vt 0.678777 0.234477
vt 0.662545 0.164984
vt 0.656663 0.165604
vt 0.679768 0.210725
vt 0.673642 0.210574
vt 0.650409 0.143043
vt 0.644674 0.144493
vt 0.672309 0.187194
vt 0.666284 0.187304
vt 0.635973 0.122313
vt 0.630042 0.125207
vt 0.662525 0.164378
vt 0.656640 0.164957
vt 0.623617 0.466125
vt 0.606752 0.484693
vt 0.600994 0.481310
vt 0.617923 0.464291
vt 0.650340 0.142480
vt 0.644601 0.143898
vt 0.635788 0.121859
vt 0.629860 0.124721
vt 0.303979 0.269913
vt 0.304743 0.269342
vt 0.690491 0.309724
vt 0.691852 0.285212
vt 0.688962 0.309608
vt 0.690343 0.284906
vt 0.691002 0.260601
vt 0.689486 0.260254
vt 0.687972 0.236159
vt 0.686445 0.235793
vt 0.682745 0.212057
vt 0.681211 0.211685
vt 0.675283 0.188431
vt 0.673746 0.188084
vt 0.665502 0.165404
vt 0.663968 0.165131
vt 0.653289 0.143078
vt 0.651791 0.142976
vt 0.638901 0.121412
vt 0.637374 0.121799
vt 0.609660 0.485809
vt 0.626604 0.466197
vt 0.608130 0.485321
vt 0.625040 0.466249
vt 0.641567 0.446251
vt 0.639982 0.446378
vt 0.654618 0.425310
vt 0.653023 0.425469
vt 0.665723 0.403424
vt 0.664133 0.403581
vt 0.674873 0.380693
vt 0.673297 0.380828
vt 0.682027 0.357253
vt 0.680472 0.357348
vt 0.687165 0.333210
vt 0.685628 0.333267
vt 0.690279 0.308862
vt 0.688750 0.308755
vt 0.691717 0.284423
vt 0.690207 0.284111
vt 0.690953 0.259870
vt 0.689438 0.259509
vt 0.687960 0.235478
vt 0.686432 0.235094
vt 0.682752 0.211413
vt 0.681220 0.211024
vt 0.675288 0.187823
vt 0.673751 0.187456
vt 0.665480 0.164832
vt 0.663948 0.164540
vt 0.653223 0.142546
vt 0.651724 0.142428
vt 0.638715 0.120973
vt 0.637188 0.121354
vt 0.609173 0.486775
vt 0.626063 0.467095
vt 0.607641 0.486262
vt 0.624498 0.467129
vt 0.641014 0.447129
vt 0.639431 0.447235
vt 0.654092 0.426188
vt 0.652497 0.426323
vt 0.665262 0.404312
vt 0.663672 0.404444
vt 0.674523 0.381595
vt 0.672948 0.381705
vt 0.681827 0.358160
vt 0.680274 0.358232
vt 0.687157 0.334108
vt 0.685624 0.334145
vt 0.679841 0.308812
vt 0.681099 0.284119
vt 0.678277 0.308662
vt 0.679500 0.284101
vt 0.680265 0.259534
vt 0.678669 0.259552
vt 0.677293 0.235196
vt 0.675719 0.235230
vt 0.672155 0.211276
vt 0.670600 0.211321
vt 0.664812 0.188002
vt 0.663270 0.188065
vt 0.655213 0.165683
vt 0.653673 0.165779
vt 0.643235 0.144738
vt 0.641684 0.144936
vt 0.628554 0.125704
vt 0.626981 0.126143
vt 0.599467 0.480826
vt 0.616490 0.463929
vt 0.597799 0.480635
vt 0.614989 0.463523
vt 0.631249 0.444887
vt 0.629726 0.444545
vt 0.644091 0.424335
vt 0.642561 0.423997
vt 0.655065 0.402614
vt 0.653522 0.402287
vt 0.664140 0.379962
vt 0.662580 0.379650
vt 0.671278 0.356553
vt 0.669702 0.356261
vt 0.676455 0.332524
vt 0.674870 0.332265
vt 0.679640 0.308002
vt 0.678078 0.307862
vt 0.680959 0.283325
vt 0.679359 0.283308
vt 0.680207 0.258757
vt 0.678612 0.258770
vt 0.677281 0.234440
vt 0.675705 0.234464
vt 0.672160 0.210548
vt 0.670604 0.210583
vt 0.664817 0.187304
vt 0.663272 0.187356
vt 0.655187 0.165026
vt 0.653648 0.165111
vt 0.643160 0.144133
vt 0.641608 0.144324
vt 0.628367 0.125206
vt 0.626795 0.125638
vt 0.598965 0.481660
vt 0.615962 0.464724
vt 0.597296 0.481449
vt 0.614465 0.464308
vt 0.630714 0.445653
vt 0.629194 0.445299
vt 0.643582 0.425089
vt 0.642054 0.424737
vt 0.654620 0.403370
vt 0.653082 0.403027
vt 0.663806 0.380729
vt 0.662252 0.380399
vt 0.671093 0.357335
vt 0.669523 0.357024
vt 0.676458 0.333321
vt 0.674876 0.333048
vt 0.994471 0.302113
vt 0.992385 0.332124
vt 0.995903 0.303182
vt 0.994088 0.332314
vt 0.879989 0.580339
vt 0.898865 0.580339
vt 0.898748 0.581481
vt 0.880100 0.581481
vt 0.994313 0.272293
vt 0.995828 0.273296
vt 0.917370 0.583985
vt 0.917031 0.585083
vt 0.992429 0.242302
vt 0.994001 0.243226
vt 0.934795 0.591134
vt 0.934247 0.592147
vt 0.988708 0.212906
vt 0.990350 0.213664
vt 0.950468 0.601514
vt 0.949732 0.602402
vt 0.983288 0.184337
vt 0.984982 0.184892
vt 0.963788 0.614726
vt 0.962893 0.615455
vt 0.976445 0.156717
vt 0.978172 0.157060
vt 0.974246 0.630261
vt 0.973223 0.630803
vt 0.968661 0.129999
vt 0.970392 0.130187
vt 0.981438 0.647522
vt 0.961073 0.104423
vt 0.962773 0.104538
vt 0.985090 0.665849
vt 0.930768 0.526758
vt 0.919441 0.551126
vt 0.932486 0.527047
vt 0.921122 0.551465
vt 0.985063 0.684536
vt 0.983911 0.684422
vt 0.942777 0.501955
vt 0.944535 0.502062
vt 0.981353 0.702864
vt 0.980246 0.702530
vt 0.954502 0.476262
vt 0.956286 0.476150
vt 0.974107 0.720131
vt 0.973086 0.719590
vt 0.965262 0.449481
vt 0.967045 0.449138
vt 0.963602 0.735675
vt 0.962706 0.734947
vt 0.974627 0.421581
vt 0.976384 0.421022
vt 0.950238 0.748897
vt 0.949503 0.748010
vt 0.982359 0.392680
vt 0.984071 0.391941
vt 0.934531 0.759290
vt 0.933986 0.758278
vt 0.988348 0.362993
vt 0.990012 0.362161
vt 0.917085 0.766455
vt 0.916748 0.765357
vt 0.992514 0.332669
vt 0.994217 0.332866
vt 0.898568 0.770116
vt 0.898456 0.768974
vt 0.994597 0.302570
vt 0.996022 0.303660
vt 0.879692 0.770118
vt 0.879810 0.768975
vt 0.994427 0.272662
vt 0.995939 0.273686
vt 0.861187 0.766473
vt 0.861527 0.765374
vt 0.992539 0.242583
vt 0.994106 0.243527
vt 0.843762 0.759324
vt 0.844311 0.758311
vt 0.988811 0.213110
vt 0.990447 0.213886
vt 0.828086 0.748945
vt 0.828822 0.748058
vt 0.983365 0.184481
vt 0.985056 0.185051
vt 0.814763 0.735734
vt 0.815660 0.735005
vt 0.976477 0.156827
vt 0.978200 0.157181
vt 0.804303 0.720200
vt 0.805325 0.719658
vt 0.968612 0.130104
vt 0.970342 0.130298
vt 0.797107 0.702937
vt 0.798215 0.702603
vt 0.960903 0.104556
vt 0.962604 0.104674
vt 0.793452 0.684609
vt 0.794605 0.684496
vt 0.931030 0.526013
vt 0.920017 0.550516
vt 0.932752 0.526291
vt 0.921701 0.550840
vt 0.793482 0.665920
vt 0.794634 0.666033
vt 0.942837 0.501125
vt 0.944601 0.501229
vt 0.797193 0.647590
vt 0.798302 0.647923
vt 0.954443 0.475402
vt 0.956229 0.475292
vt 0.804441 0.630321
vt 0.805462 0.630862
vt 0.965141 0.448635
vt 0.966925 0.448301
vt 0.814950 0.614776
vt 0.815844 0.615504
vt 0.974478 0.420783
vt 0.976237 0.420237
vt 0.828314 0.601554
vt 0.829048 0.602441
vt 0.982207 0.391954
vt 0.983923 0.391230
vt 0.844023 0.591162
vt 0.844569 0.592174
vt 0.988209 0.362354
vt 0.989875 0.361538
vt 0.861471 0.583998
vt 0.861808 0.585096
vt 0.888244 0.671853
vt 0.887600 0.672117
vt 0.892677 0.676250
vt 0.892815 0.675572
vt 0.892020 0.677464
vt 0.892409 0.676889
vt 0.890945 0.678337
vt 0.891525 0.677953
vt 0.889615 0.678737
vt 0.890299 0.678602
vt 0.888233 0.678602
vt 0.888917 0.678737
vt 0.887009 0.677953
vt 0.887588 0.678337
vt 0.888928 0.671718
vt 0.886130 0.676890
vt 0.886516 0.677464
vt 0.889626 0.671717
vt 0.885729 0.675573
vt 0.885863 0.676251
vt 0.890956 0.672116
vt 0.890310 0.671852
vt 0.885868 0.674204
vt 0.885730 0.674882
vt 0.892027 0.672989
vt 0.891535 0.672500
vt 0.886524 0.672990
vt 0.886136 0.673565
vt 0.892415 0.673563
vt 0.887018 0.672502
vt 0.889273 0.675227
vt 0.305775 0.268175
vt 0.306104 0.267547
vt 0.306474 0.266232
vt 0.306465 0.265585
vt 0.305346 0.268742
vt 0.306331 0.266914
vt 0.306362 0.264925
vt 0.305794 0.268124
vt 0.306486 0.266281
vt 0.306147 0.264257
vt 0.306113 0.267497
vt 0.306470 0.265631
vt 0.305800 0.263578
vt 0.306331 0.266864
vt 0.306370 0.264971
vt 0.305301 0.262889
vt 0.306162 0.264301
vt 0.304642 0.262185
vt 0.305823 0.263622
vt 0.303822 0.261477
vt 0.305332 0.262934
vt 0.302894 0.260779
vt 0.304676 0.262234
vt 0.301986 0.270938
vt 0.303019 0.270482
vt 0.303861 0.261528
vt 0.303939 0.269960
vt 0.302930 0.260834
vt 0.304711 0.269392
vt 0.302041 0.270909
vt 0.303065 0.270440
vt 0.305319 0.268793
vt 0.300095 0.265543
vt 0.300092 0.265538
vt 0.284902 0.066917
vt 0.340974 0.013696
vt 0.507841 0.131207
vt 0.402029 0.164861
vt 0.220556 0.127956
vt 0.310967 0.223266
vt 0.030407 0.121135
vt 0.193565 0.129797
vt 0.251928 0.233300
vt 0.035538 0.203710
vt 0.024496 0.026413
vt 0.164807 0.017658
s 1
usemtl Material.001
f 1/1/1 2/2/1 3/3/1 4/4/1
f 4/4/1 3/3/1 5/5/1 6/6/1
f 2/2/1 7/7/1 8/8/1 3/3/1
f 3/3/1 8/8/1 9/9/1 5/5/1
f 1/1/1 4/4/1 10/10/1 11/11/1
f 11/11/1 10/10/1 12/12/1 13/13/1
f 4/4/1 6/6/1 14/14/1 10/10/1
f 10/10/1 14/14/1 15/15/1 12/12/1
f 1/1/1 11/11/1 16/16/1 17/17/1
f 17/17/1 16/16/1 18/18/1 19/19/1
f 11/11/1 13/13/1 20/20/1 16/16/1
f 16/16/1 20/20/1 21/21/1 18/18/1
f 1/1/1 17/17/1 22/22/1 2/2/1
f 2/2/1 22/22/1 23/23/1 7/7/1
f 17/17/1 19/19/1 24/24/1 22/22/1
f 22/22/1 24/24/1 25/25/1 23/23/1
f 26/26/2 27/27/2 28/28/2 29/29/2
f 30/30/3 29/31/3 31/32/3 32/33/3
f 26/34/3 29/31/3 30/30/3 33/35/3
f 34/36/4 35/37/4 36/38/4 37/39/4
f 38/40/5 39/41/5 40/42/5 41/43/5
f 29/29/2 28/28/2 41/44/2 31/45/2
f 38/40/4 34/36/4 37/39/4 42/46/4
f 37/39/6 36/38/6 43/47/6 44/48/6
f 45/49/7 42/46/7 46/50/7 47/51/7
f 33/35/4 30/30/4 48/52/4 49/53/4
f 35/37/4 33/35/4 49/53/4 36/38/4
f 30/30/4 32/33/4 45/49/4 48/52/4
f 32/33/4 38/40/4 42/46/4 45/49/4
f 48/52/8 45/49/8 47/51/8 50/54/8
f 36/38/9 49/53/9 51/55/9 43/47/9
f 49/53/8 48/52/8 50/54/8 51/55/8
f 42/46/10 37/39/10 44/48/10 46/50/10
f 32/33/11 52/56/11 39/41/11 38/40/11
f 31/57/12 53/58/12 52/56/12 32/33/12
f 40/42/13 39/41/13 54/59/13 55/60/13
f 56/61/14 55/62/14 57/63/14 58/64/14
f 53/65/15 40/66/15 55/62/15 56/61/15
f 39/41/16 52/56/16 59/67/16 54/59/16
f 52/56/17 53/58/17 56/68/17 59/67/17
f 60/69/4 61/70/4 62/71/4 63/72/4
f 54/59/14 59/67/14 61/70/14 60/69/14
f 59/67/14 56/68/14 58/73/14 61/70/14
f 55/60/14 54/59/14 60/69/14 57/74/14
f 64/75/14 65/76/14 63/72/14 62/71/14
f 61/70/3 58/73/3 64/75/3 62/71/3
f 57/74/8 60/69/8 63/72/8 65/76/8
f 58/64/2 57/63/2 65/76/2 64/75/2
f 26/26/2 66/77/2 67/78/2 27/27/2
f 68/79/3 69/80/3 70/81/3 66/82/3
f 26/83/3 33/84/3 68/79/3 66/82/3
f 71/85/4 72/86/4 73/87/4 35/88/4
f 74/89/18 75/90/18 76/91/18 77/92/18
f 66/77/2 70/93/2 74/94/2 67/78/2
f 77/92/4 78/95/4 72/86/4 71/85/4
f 72/86/19 79/96/19 80/97/19 73/87/19
f 81/98/20 82/99/20 83/100/20 78/95/20
f 33/84/4 84/101/4 85/102/4 68/79/4
f 35/88/4 73/87/4 84/101/4 33/84/4
f 68/79/4 85/102/4 81/98/4 69/80/4
f 69/80/4 81/98/4 78/95/4 77/92/4
f 85/102/8 86/103/8 82/99/8 81/98/8
f 73/87/21 80/97/21 87/104/21 84/101/21
f 84/101/8 87/104/8 86/103/8 85/102/8
f 78/95/22 83/100/22 79/96/22 72/86/22
f 77/92/23 76/91/23 88/105/23 69/80/23
f 69/80/24 88/105/24 89/106/24 70/107/24
f 41/44/25 40/66/25 53/65/25 31/45/25
f 70/93/26 89/108/26 75/109/26 74/94/26
f 75/90/27 90/110/27 91/111/27 76/91/27
f 92/112/28 93/113/28 94/114/28 90/115/28
f 89/108/29 92/112/29 90/115/29 75/109/29
f 76/91/30 91/111/30 95/116/30 88/105/30
f 88/105/31 95/116/31 92/117/31 89/106/31
f 96/118/4 97/119/4 98/120/4 99/121/4
f 91/111/28 96/118/28 99/121/28 95/116/28
f 95/116/28 99/121/28 93/122/28 92/117/28
f 90/110/28 94/123/28 96/118/28 91/111/28
f 100/124/28 98/120/28 97/119/28 101/125/28
f 99/121/3 98/120/3 100/124/3 93/122/3
f 94/123/8 101/125/8 97/119/8 96/118/8
f 93/113/2 100/124/2 101/125/2 94/114/2
f 102/126/32 103/127/32 104/128/32 105/129/32
f 106/130/33 107/131/33 108/132/33 109/133/33
f 110/134/34 111/135/35 112/136/36 113/137/36
f 114/138/37 115/139/38 116/140/39 117/141/39
f 107/131/40 118/142/37 119/143/39 108/132/39
f 120/144/41 121/145/41 122/146/41 123/147/41
f 115/139/42 110/134/42 113/137/42 116/140/42
f 118/142/42 124/148/42 125/149/42 119/143/42
f 126/150/43 127/151/43 128/152/43 129/153/43
f 130/154/44 102/155/45 131/156/46 132/157/47
f 103/127/48 133/158/49 134/159/49 135/160/50
f 107/131/40 136/161/51 128/152/51 118/142/37
f 137/162/52 106/130/53 124/163/35 129/164/52
f 124/163/35 106/130/53 109/133/36 125/165/36
f 124/148/54 118/142/54 114/138/54 111/166/54
f 138/167/43 139/168/43 127/151/43 126/150/43
f 129/164/52 124/163/35 111/135/35 126/169/52
f 118/142/37 128/152/51 127/151/51 114/138/37
f 137/162/55 136/161/55 107/131/55 106/130/55
f 110/134/56 115/139/56 139/168/56 138/167/56
f 114/138/37 127/151/51 139/168/51 115/139/38
f 126/169/52 111/135/35 110/134/34 138/167/52
f 129/153/43 128/152/43 136/161/43 137/162/43
f 131/156/57 135/160/57 134/159/57 132/157/57
f 111/166/33 114/138/33 117/141/33 112/170/33
f 123/147/58 122/146/58 140/171/58 141/172/58
f 142/173/48 121/145/49 133/158/49 103/127/48
f 120/174/44 143/175/45 102/155/45 130/154/44
f 132/157/41 134/159/41 133/158/41 130/176/41
f 143/177/59 142/173/59 103/127/59 102/126/59
f 143/175/45 141/172/60 144/178/61 145/179/61
f 123/147/47 141/172/60 143/175/45 120/174/44
f 140/171/62 122/146/49 121/145/49 142/173/48
f 130/176/41 133/158/41 121/145/41 120/144/41
f 142/173/63 143/177/63 145/180/63 146/181/63
f 135/160/63 131/156/63 147/182/63 148/183/63
f 140/171/62 142/173/48 146/181/64 149/184/64
f 103/127/48 135/160/50 148/183/64 104/128/64
f 131/156/46 102/155/45 105/185/61 147/182/61
f 141/172/32 140/171/32 149/184/32 144/178/32
f 150/186/65 151/187/65 152/188/66 153/189/66
f 154/190/67 151/187/65 150/186/65 155/191/67
f 155/191/68 156/192/68 157/193/68 154/190/68
f 158/194/69 159/195/69 160/196/69 161/197/69
f 162/198/70 163/199/70 164/200/71 165/201/71
f 161/197/72 155/191/72 150/186/73 163/199/73
f 165/201/21 164/200/21 153/189/21 152/188/21
f 161/197/72 160/196/74 156/192/74 155/191/72
f 160/196/9 159/195/9 157/193/9 156/192/9
f 159/195/75 158/194/76 154/190/76 157/193/75
f 154/190/76 158/194/76 162/198/77 151/187/77
f 158/194/78 161/197/78 163/199/70 162/198/70
f 162/198/77 165/201/79 152/188/79 151/187/77
f 164/200/80 163/199/73 150/186/73 153/189/80
f 166/202/81 167/203/81 168/204/81 169/205/81
f 170/206/9 168/204/9 167/203/9 171/207/9
f 172/208/82 173/209/83 174/210/83 175/211/84
f 176/212/67 177/213/67 172/208/67 178/214/67
f 178/214/68 179/215/68 180/216/68 176/212/68
f 176/212/85 181/217/86 182/218/87 177/213/88
f 183/219/21 184/220/21 174/210/21 173/209/21
f 176/212/85 180/216/89 185/221/89 181/217/86
f 179/215/90 178/214/91 186/222/92 187/223/90
f 181/217/93 185/221/93 187/223/93 186/222/93
f 186/222/92 178/214/91 172/208/82 175/211/84
f 183/219/94 177/213/88 182/218/87 184/220/94
f 184/220/95 182/218/96 175/211/96 174/210/95
f 183/219/97 173/209/97 172/208/97 177/213/97
f 185/221/9 180/216/9 179/215/9 187/223/9
f 181/217/98 186/222/98 175/211/96 182/218/96
f 188/224/99 171/207/99 167/203/99 166/202/99
f 168/204/100 170/206/100 189/225/100 169/205/100
f 190/226/101 191/227/101 192/228/101 193/229/101
f 194/230/102 195/231/103 191/227/104 196/232/105
f 195/231/106 194/230/106 197/233/106 198/234/106
f 198/235/107 197/236/108 199/237/109 190/226/110
f 193/229/111 192/228/111 200/238/111 201/239/111
f 198/240/107 190/226/110 193/229/112 202/241/113
f 191/227/104 195/231/103 203/242/114 192/228/115
f 195/231/116 198/234/116 202/243/116 203/242/116
f 202/244/113 193/229/112 201/239/117 204/245/117
f 192/228/115 203/242/114 205/246/118 200/238/118
f 203/242/119 202/243/119 204/247/119 205/246/119
f 206/248/120 207/249/120 208/250/120 209/251/120
f 210/252/121 211/253/121 212/254/121 213/255/121
f 211/256/122 206/248/122 209/251/122 212/257/122
f 214/258/123 215/259/123 216/260/123 217/261/123
f 218/262/124 219/263/124 220/264/124 221/265/124
f 210/266/125 207/249/125 206/248/125 211/267/125
f 215/268/126 218/262/126 221/265/126 216/269/126
f 222/270/127 223/271/127 224/272/127 225/273/127
f 226/274/128 227/275/128 228/276/128 229/277/128
f 230/278/129 231/279/129 232/280/129 233/281/129
f 213/282/130 208/250/130 207/249/130 210/283/130
f 234/284/131 232/280/131 231/279/131 235/285/131
f 236/286/125 237/287/125 238/288/125 239/289/125
f 240/290/129 228/276/129 227/275/129 241/291/129
f 225/292/132 224/272/132 242/293/132 243/267/132
f 213/255/133 212/254/133 244/294/133 235/295/133
f 244/296/9 230/278/9 233/281/9 245/297/9
f 216/286/132 221/265/132 220/264/132 217/298/132
f 246/299/21 240/290/21 241/291/21 247/300/21
f 235/295/134 244/294/134 245/301/134 234/302/134
f 248/303/135 249/304/135 237/287/135 236/269/135
f 233/281/136 218/262/136 215/268/136 245/297/136
f 249/304/137 250/305/137 238/288/137 237/287/137
f 214/306/138 219/263/138 232/280/138 234/284/138
f 231/279/139 208/250/139 213/282/139 235/285/139
f 243/307/140 242/293/140 251/308/140 252/309/140
f 225/310/141 243/311/141 252/312/141 222/313/141
f 245/301/142 215/259/142 214/258/142 234/302/142
f 222/313/143 252/312/143 246/314/143 229/315/143
f 223/271/144 228/276/144 240/290/144 251/308/144
f 227/275/145 250/305/145 249/304/145 241/291/145
f 251/308/146 240/290/146 246/299/146 252/309/146
f 247/316/147 248/317/147 253/318/147 226/319/147
f 228/276/148 223/271/148 222/270/148 229/277/148
f 209/251/149 230/278/149 244/296/149 212/257/149
f 208/250/150 231/279/150 230/278/150 209/251/150
f 241/291/151 249/304/151 248/303/151 247/300/151
f 253/320/152 250/305/152 227/275/152 226/274/152
f 242/293/153 224/272/153 223/271/153 251/308/153
f 232/280/154 219/263/154 218/262/154 233/281/154
f 253/318/155 248/317/155 236/321/155 239/261/155
f 229/315/156 246/314/156 247/316/156 226/319/156
f 239/322/157 238/288/157 250/305/157 253/320/157
f 217/323/158 220/264/158 219/263/158 214/306/158
f 254/324/159 255/325/159 256/326/74 257/327/74
f 258/328/160 259/329/160 260/330/75 261/331/75
f 262/332/161 263/333/162 264/334/162 265/335/161
f 266/336/163 267/337/164 268/338/164 269/339/163
f 254/324/165 259/329/165 265/335/166 266/336/166
f 259/329/160 258/328/160 262/332/161 265/335/161
f 255/325/159 254/324/159 266/336/163 269/339/163
f 264/334/9 263/333/9 268/338/9 267/337/9
f 261/331/68 256/326/68 255/325/68 258/328/68
f 260/330/93 259/329/93 254/324/93 257/327/93
f 269/339/167 262/332/167 258/328/168 255/325/168
f 264/334/169 267/337/169 266/336/166 265/335/166
f 262/332/167 269/339/167 268/338/170 263/333/170
f 270/340/171 271/341/171 272/342/172 273/343/173
f 272/342/174 274/344/175 275/345/176 276/346/176
f 275/345/21 277/347/21 278/348/21 276/346/21
f 273/343/177 278/348/178 277/347/178 279/349/179
f 279/349/180 277/347/181 275/345/181 274/344/182
f 280/350/159 281/351/159 282/352/74 283/353/74
f 284/354/183 285/355/168 281/351/168 286/356/183
f 285/355/160 287/357/160 288/358/75 289/359/75
f 284/354/161 290/360/184 291/361/184 292/362/161
f 293/363/163 294/364/185 295/365/185 286/356/163
f 287/357/160 285/355/160 284/354/161 292/362/161
f 281/351/159 280/350/159 293/363/163 286/356/163
f 281/351/68 285/355/68 289/359/68 282/352/68
f 296/366/186 279/349/180 274/344/182 297/367/186
f 283/353/93 288/358/93 287/357/93 280/350/93
f 287/357/187 292/362/166 293/363/166 280/350/187
f 295/365/9 294/364/9 291/361/9 290/360/9
f 293/363/166 292/362/166 291/361/188 294/364/188
f 295/365/189 290/360/189 284/354/183 286/356/183
f 273/343/173 272/342/172 276/346/190 278/348/190
f 270/340/191 273/343/177 279/349/179 296/366/191
f 297/367/192 274/344/175 272/342/174 271/341/192
f 199/237/193 298/368/193 299/369/193 196/232/193
f 298/368/194 300/370/194 301/371/194 299/369/194
f 197/372/108 302/373/195 298/368/196 199/237/109
f 196/232/105 299/369/197 303/374/198 194/230/102
f 194/230/199 303/374/199 302/375/199 197/233/199
f 302/376/195 304/377/200 300/370/200 298/368/196
f 299/369/197 301/371/201 305/378/201 303/374/198
f 303/374/202 305/378/202 304/379/202 302/375/202
f 199/237/129 196/232/129 191/227/129 190/226/129
f 170/206/203 171/207/203 188/224/203 189/225/203
f 306/380/204 307/381/205 308/382/205 309/383/204
f 307/381/205 310/384/206 311/385/206 308/382/205
f 310/384/206 312/386/207 313/387/207 311/385/206
f 312/386/207 314/388/208 315/389/208 313/387/207
f 314/388/208 316/390/209 317/391/209 315/389/208
f 316/390/209 318/392/210 319/393/210 317/391/209
f 318/392/210 320/394/211 321/395/211 319/393/210
f 320/394/211 322/396/212 323/397/212 321/395/211
f 322/396/212 324/398/213 325/399/213 323/397/212
f 324/398/213 326/400/214 327/401/214 325/399/213
f 326/400/214 328/402/215 329/403/215 327/401/214
f 328/402/215 330/404/216 331/405/216 329/403/215
f 330/406/216 332/407/217 333/408/217 331/409/216
f 332/407/217 334/410/218 335/411/218 333/408/217
f 334/410/218 336/412/219 337/413/219 335/411/218
f 336/412/219 338/414/220 339/415/220 337/413/219
f 338/414/220 340/416/221 341/417/221 339/415/220
f 340/416/221 342/418/222 343/419/222 341/417/221
f 342/418/222 344/420/223 345/421/223 343/419/222
f 344/420/223 346/422/224 347/423/224 345/421/223
f 346/422/224 348/424/225 349/425/225 347/423/224
f 348/424/225 350/426/226 351/427/226 349/425/225
f 350/426/226 352/428/227 353/429/227 351/427/226
f 352/428/227 354/430/228 355/431/228 353/429/227
f 354/430/228 356/432/229 357/433/229 355/431/228
f 356/432/229 358/434/230 359/435/230 357/433/229
f 358/434/230 360/436/231 361/437/231 359/435/230
f 360/436/231 362/438/232 363/439/232 361/437/231
f 362/438/232 364/440/233 365/441/233 363/439/232
f 364/440/233 366/442/234 367/443/234 365/441/233
f 366/442/234 368/444/235 369/445/235 367/443/234
f 368/444/235 306/380/204 309/383/204 369/445/235
f 370/446/129 371/447/129 307/381/129 306/380/129
f 371/447/129 372/448/129 310/384/129 307/381/129
f 372/448/129 373/449/129 312/386/129 310/384/129
f 373/449/129 374/450/129 314/388/129 312/386/129
f 374/450/129 375/451/129 316/390/129 314/388/129
f 375/451/129 376/452/129 318/392/129 316/390/129
f 376/452/129 377/453/129 320/394/129 318/392/129
f 377/453/129 378/454/129 322/396/129 320/394/129
f 378/454/129 379/455/129 324/398/129 322/396/129
f 379/455/129 380/456/129 326/400/129 324/398/129
f 380/456/129 381/457/129 328/402/129 326/400/129
f 381/457/129 382/458/129 330/404/129 328/402/129
f 382/459/129 383/460/129 332/407/129 330/406/129
f 383/460/129 384/461/129 334/410/129 332/407/129
f 384/461/129 385/462/129 336/412/129 334/410/129
f 385/462/129 386/463/129 338/414/129 336/412/129
f 386/463/129 387/464/129 340/416/129 338/414/129
f 387/464/129 388/465/129 342/418/129 340/416/129
f 388/465/129 389/466/129 344/420/129 342/418/129
f 389/466/129 390/467/129 346/422/129 344/420/129
f 390/467/129 391/468/129 348/424/129 346/422/129
f 391/468/129 392/469/129 350/426/129 348/424/129
f 392/469/129 393/470/129 352/428/129 350/426/129
f 393/470/129 394/471/129 354/430/129 352/428/129
f 394/471/129 395/472/129 356/432/129 354/430/129
f 395/472/129 396/473/129 358/434/129 356/432/129
f 396/473/129 397/474/129 360/436/129 358/434/129
f 397/474/129 398/475/129 362/438/129 360/436/129
f 398/475/129 399/476/129 364/440/129 362/438/129
f 399/476/129 400/477/129 366/442/129 364/440/129
f 400/477/129 401/478/129 368/444/129 366/442/129
f 401/478/129 370/446/129 306/380/129 368/444/129
f 396/473/129 395/472/129 402/479/129
f 383/460/129 382/459/129 402/479/129
f 397/474/129 396/473/129 402/479/129
f 384/461/129 383/460/129 402/479/129
f 371/447/129 370/446/129 402/480/129
f 398/475/129 397/474/129 402/479/129
f 385/462/129 384/461/129 402/479/129
f 372/448/129 371/447/129 402/480/129
f 399/476/129 398/475/129 402/480/129
f 386/463/129 385/462/129 402/479/129
f 373/449/129 372/448/129 402/480/129
f 400/477/129 399/476/129 402/480/129
f 387/464/129 386/463/129 402/479/129
f 374/450/129 373/449/129 402/480/129
f 401/478/129 400/477/129 402/480/129
f 388/465/129 387/464/129 402/479/129
f 375/451/129 374/450/129 402/480/129
f 370/446/129 401/478/129 402/480/129
f 389/466/129 388/465/129 402/479/129
f 376/452/129 375/451/129 402/480/129
f 390/467/129 389/466/129 402/479/129
f 377/453/129 376/452/129 402/480/129
f 391/468/129 390/467/129 402/479/129
f 378/454/129 377/453/129 402/480/129
f 392/469/129 391/468/129 402/479/129
f 379/455/129 378/454/129 402/480/129
f 393/470/129 392/469/129 402/479/129
f 380/456/129 379/455/129 402/480/129
f 394/471/129 393/470/129 402/479/129
f 381/457/129 380/456/129 402/480/129
f 395/472/129 394/471/129 402/479/129
f 382/458/129 381/457/129 402/480/129
f 403/481/129 404/482/129 405/483/129 406/484/129
f 407/485/129 408/486/129 409/487/129 410/488/129
f 408/486/236 407/485/236 411/489/236 412/490/236
f 404/491/129 407/492/129 410/493/129 405/494/129
f 413/495/237 404/482/237 403/481/237 414/496/237
f 407/492/238 404/491/238 413/497/238 411/498/238
f 408/499/129 403/500/129 406/501/129 409/502/129
f 403/500/239 408/499/239 412/503/239 414/504/239
f 415/505/129 416/506/129 417/507/129 418/508/129
f 415/505/240 418/508/240 405/494/240 410/493/240
f 418/508/241 417/507/241 406/484/241 405/483/241
f 416/506/242 415/505/242 410/488/242 409/487/242
f 419/509/21 420/510/21 421/511/21 422/512/21
f 423/513/243 424/514/243 422/512/243 421/511/243
f 420/510/21 425/515/21 426/516/21 421/511/21
f 424/514/9 423/513/9 427/517/9 428/518/9
f 422/512/244 424/514/244 428/518/244 419/509/244
f 423/513/245 421/511/245 426/516/245 429/519/245
f 430/520/9 427/517/9 423/513/9 429/519/9
f 431/521/21 432/522/21 433/523/21 434/524/21
f 435/525/243 436/526/243 434/524/243 433/523/243
f 432/522/21 437/527/21 438/528/21 433/523/21
f 439/529/9 440/530/9 436/526/9 435/525/9
f 431/521/244 434/524/244 436/526/244 440/530/244
f 435/525/245 433/523/245 438/528/245 441/531/245
f 442/532/9 439/529/9 435/525/9 441/531/9
f 443/533/21 444/534/21 445/535/21 446/536/21
f 447/537/9 448/538/9 449/539/9 450/540/9
f 450/540/243 449/539/243 444/534/243 443/533/243
f 448/538/129 445/535/129 444/534/129 449/539/129
f 451/541/132 450/540/132 443/533/132 452/542/132
f 453/543/9 447/537/9 450/540/9 451/541/9
f 452/542/21 443/533/21 446/536/21 454/544/21
f 455/545/21 456/546/21 457/547/21 458/548/21
f 459/549/9 460/550/9 461/551/9 462/552/9
f 462/552/243 461/551/243 456/546/243 455/545/243
f 460/550/129 457/547/129 456/546/129 461/551/129
f 463/553/132 462/552/132 455/545/132 464/554/132
f 465/555/9 459/549/9 462/552/9 463/553/9
f 464/554/21 455/545/21 458/548/21 466/556/21
f 467/557/21 468/558/21 469/559/21 470/560/21
f 471/561/9 472/562/9 473/563/9 474/564/9
f 474/564/243 473/563/243 468/558/243 467/557/243
f 472/562/129 469/559/129 468/558/129 473/563/129
f 475/565/132 474/564/132 467/557/132 476/566/132
f 477/567/9 471/561/9 474/564/9 475/565/9
f 476/566/21 467/557/21 470/560/21 478/568/21
f 479/569/21 480/570/21 481/571/21 482/572/21
f 483/573/9 484/574/9 485/575/9 486/576/9
f 486/576/243 485/575/243 480/570/243 479/569/243
f 484/574/129 481/571/129 480/570/129 485/575/129
f 487/577/132 486/576/132 479/569/132 488/578/132
f 489/579/9 483/573/9 486/576/9 487/577/9
f 488/578/21 479/569/21 482/572/21 490/580/21
f 491/581/246 492/582/247 493/583/248 494/584/249
f 495/585/250 496/586/251 497/587/252 498/588/253
f 499/589/254 491/581/246 494/584/249 500/590/255
f 501/591/256 495/585/250 498/588/253 502/592/257
f 503/593/258 499/589/254 500/590/255 504/594/259
f 505/595/260 501/591/256 502/592/257 506/596/261
f 507/597/262 505/595/260 506/596/261 508/598/263
f 509/599/264 510/600/265 511/601/266 512/602/267
f 513/603/268 507/597/262 508/598/263 514/604/269
f 515/605/270 509/599/264 512/602/267 516/606/271
f 517/607/272 513/603/268 514/604/269 518/608/273
f 519/609/274 515/605/270 516/606/271 520/610/275
f 492/582/247 517/607/272 518/608/273 493/583/248
f 496/586/251 519/609/274 520/610/275 497/587/252
f 512/602/267 511/601/266 521/611/276 522/612/277
f 514/604/269 508/598/263 523/613/278 524/614/279
f 516/606/271 512/602/267 522/612/277 525/615/280
f 518/608/273 514/604/269 524/614/279 526/616/281
f 520/610/275 516/606/271 525/615/280 527/617/282
f 493/583/248 518/608/273 526/616/281 528/618/283
f 497/587/252 520/610/275 527/617/282 529/619/284
f 494/584/249 493/583/248 528/618/283 530/620/285
f 498/588/253 497/587/252 529/619/284 531/621/286
f 500/590/255 494/584/249 530/620/285 532/622/287
f 502/592/257 498/588/253 531/621/286 533/623/288
f 504/594/259 500/590/255 532/622/287 534/624/289
f 506/596/261 502/592/257 533/623/288 535/625/290
f 508/598/263 506/596/261 535/625/290 523/613/278
f 531/621/286 529/619/284 536/626/291 537/627/292
f 532/622/287 530/620/285 538/628/293 539/629/294
f 533/623/288 531/621/286 537/627/292 540/630/295
f 534/624/289 532/622/287 539/629/294 541/631/296
f 535/625/290 533/623/288 540/630/295 542/632/297
f 523/613/278 535/625/290 542/632/297 543/633/298
f 522/612/277 521/611/276 544/634/299 545/635/300
f 524/614/279 523/613/278 543/633/298 546/636/301
f 525/615/280 522/612/277 545/635/300 547/637/302
f 526/616/281 524/614/279 546/636/301 548/638/303
f 527/617/282 525/615/280 547/637/302 549/639/304
f 528/618/283 526/616/281 548/638/303 550/640/305
f 529/619/284 527/617/282 549/639/304 536/626/291
f 530/620/285 528/618/283 550/640/305 538/628/293
f 546/636/301 543/633/298 551/641/306 552/642/307
f 547/637/302 545/635/300 553/643/308 554/644/309
f 548/638/303 546/636/301 552/642/307 555/645/310
f 549/639/304 547/637/302 554/644/309 556/646/311
f 550/640/305 548/638/303 555/645/310 557/647/312
f 536/626/291 549/639/304 556/646/311 558/648/313
f 538/628/293 550/640/305 557/647/312 559/649/314
f 537/627/292 536/626/291 558/648/313 560/650/315
f 539/629/294 538/628/293 559/649/314 561/651/316
f 540/630/295 537/627/292 560/650/315 562/652/317
f 541/631/296 539/629/294 561/651/316 563/653/318
f 542/632/297 540/630/295 562/652/317 564/654/319
f 543/633/298 542/632/297 564/654/319 551/641/306
f 545/635/300 544/634/299 565/655/320 553/643/308
f 561/651/316 559/649/314 566/656/321 567/657/322
f 562/652/317 560/650/315 568/658/323 569/659/324
f 563/653/318 561/651/316 567/657/322 570/660/325
f 564/654/319 562/652/317 569/659/324 571/661/326
f 551/641/306 564/654/319 571/661/326 572/662/327
f 553/643/308 565/655/320 573/663/328 574/664/329
f 552/642/307 551/641/306 572/662/327 575/665/330
f 554/644/309 553/643/308 574/664/329 576/666/331
f 555/645/310 552/642/307 575/665/330 577/667/332
f 556/646/311 554/644/309 576/666/331 578/668/333
f 557/647/312 555/645/310 577/667/332 579/669/334
f 558/648/313 556/646/311 578/668/333 580/670/335
f 559/649/314 557/647/312 579/669/334 566/656/321
f 560/650/315 558/648/313 580/670/335 568/658/323
f 577/667/332 575/665/330 581/671/336 582/672/337
f 578/668/333 576/666/331 583/673/338 584/674/339
f 579/669/334 577/667/332 582/672/337 585/675/340
f 580/670/335 578/668/333 584/674/339 586/676/341
f 566/656/321 579/669/334 585/675/340 587/677/342
f 568/658/323 580/670/335 586/676/341 588/678/343
f 567/657/322 566/656/321 587/677/342 589/679/344
f 569/659/324 568/658/323 588/678/343 590/680/345
f 570/660/325 567/657/322 589/679/344 591/681/346
f 571/661/326 569/659/324 590/680/345 592/682/9
f 572/662/327 571/661/326 592/682/9 593/683/347
f 574/664/329 573/663/328 594/684/348 595/685/349
f 575/665/330 572/662/327 593/683/347 581/671/336
f 576/666/331 574/664/329 595/685/349 583/673/338
f 591/681/346 589/679/344 596/686/350 597/687/351
f 592/682/9 590/680/345 598/688/352 599/689/353
f 593/683/347 592/682/9 599/689/353 600/690/354
f 595/685/349 594/684/348 601/691/355 602/692/356
f 581/671/336 593/683/347 600/690/354 603/693/357
f 583/673/338 595/685/349 602/692/356 604/694/358
f 582/672/337 581/671/336 603/693/357 605/695/359
f 584/674/339 583/673/338 604/694/358 606/696/360
f 585/675/340 582/672/337 605/695/359 607/697/361
f 586/676/341 584/674/339 606/696/360 608/698/362
f 587/677/342 585/675/340 607/697/361 609/699/363
f 588/678/343 586/676/341 608/698/362 610/700/364
f 589/679/344 587/677/342 609/699/363 596/686/350
f 590/680/345 588/678/343 610/700/364 598/688/352
f 606/696/360 604/694/358 611/701/365 612/702/366
f 607/697/361 605/695/359 613/703/367 614/704/368
f 608/698/362 606/696/360 612/702/366 615/705/369
f 609/699/363 607/697/361 614/704/368 616/706/370
f 610/700/364 608/698/362 615/705/369 617/707/371
f 596/686/350 609/699/363 616/706/370 618/708/372
f 598/688/352 610/700/364 617/707/371 619/709/373
f 597/687/351 596/686/350 618/708/372 620/710/374
f 599/689/353 598/688/352 619/709/373 621/711/375
f 600/690/354 599/689/353 621/711/375 622/712/376
f 602/692/356 601/691/355 623/713/377 624/714/378
f 603/693/357 600/690/354 622/712/376 625/715/379
f 604/694/358 602/692/356 624/714/378 611/701/365
f 605/695/359 603/693/357 625/715/379 613/703/367
f 621/711/375 619/709/373 626/716/380 627/717/381
f 622/712/376 621/711/375 627/717/381 628/718/382
f 624/714/378 623/713/377 629/719/383 630/720/384
f 625/715/379 622/712/376 628/718/382 631/721/385
f 611/701/365 624/714/378 630/720/384 632/722/386
f 613/703/367 625/715/379 631/721/385 633/723/387
f 612/702/366 611/701/365 632/722/386 634/724/388
f 614/704/368 613/703/367 633/723/387 635/725/389
f 615/705/369 612/702/366 634/724/388 636/726/390
f 616/706/370 614/704/368 635/725/389 637/727/391
f 617/707/371 615/705/369 636/726/390 638/728/392
f 618/708/372 616/706/370 637/727/391 639/729/393
f 619/709/373 617/707/371 638/728/392 626/716/380
f 620/710/374 618/708/372 639/729/393 640/730/394
f 635/725/389 633/723/387 641/731/395 642/732/396
f 636/726/390 634/724/388 643/733/397 644/734/398
f 637/727/391 635/725/389 642/732/396 645/735/399
f 638/728/392 636/726/390 644/734/398 646/736/400
f 639/729/393 637/727/391 645/735/399 647/737/401
f 626/716/380 638/728/392 646/736/400 648/738/402
f 640/730/394 639/729/393 647/737/401 649/739/403
f 627/717/381 626/716/380 648/738/402 650/740/404
f 628/718/382 627/717/381 650/740/404 651/741/405
f 630/720/384 629/719/383 652/742/406 653/743/407
f 631/721/385 628/718/382 651/741/405 654/744/408
f 632/722/386 630/720/384 653/743/407 655/745/409
f 633/723/387 631/721/385 654/744/408 641/731/395
f 634/724/388 632/722/386 655/745/409 643/733/397
f 651/741/405 650/740/404 656/746/410 657/747/411
f 653/743/407 652/742/406 658/748/412 659/749/413
f 654/744/408 651/741/405 657/747/411 660/750/414
f 655/745/409 653/743/407 659/749/413 661/751/415
f 641/731/395 654/744/408 660/750/414 662/752/416
f 643/733/397 655/745/409 661/751/415 663/753/417
f 642/732/396 641/731/395 662/752/416 664/754/418
f 644/734/398 643/733/397 663/753/417 665/755/419
f 645/735/399 642/732/396 664/754/418 666/756/420
f 646/736/400 644/734/398 665/755/419 667/757/421
f 647/737/401 645/735/399 666/756/420 668/758/422
f 648/738/402 646/736/400 667/757/421 669/759/423
f 649/739/403 647/737/401 668/758/422 670/760/424
f 650/740/404 648/738/402 669/759/423 656/746/410
f 665/755/419 663/753/417 671/761/425 672/762/426
f 666/756/420 664/754/418 673/763/427 674/764/428
f 667/757/421 665/755/419 672/762/426 675/765/429
f 668/758/422 666/756/420 674/764/428 676/766/430
f 669/759/423 667/757/421 675/765/429 677/767/431
f 670/760/424 668/758/422 676/766/430 678/768/432
f 656/746/410 669/759/423 677/767/431 679/769/433
f 657/747/411 656/746/410 679/769/433 680/770/434
f 659/749/413 658/748/412 681/771/435 682/772/436
f 660/750/414 657/747/411 680/770/434 683/773/437
f 661/751/415 659/749/413 682/772/436 684/774/438
f 662/752/416 660/750/414 683/773/437 685/775/439
f 663/753/417 661/751/415 684/774/438 671/761/425
f 664/754/418 662/752/416 685/775/439 673/763/427
f 686/776/440 687/777/441 688/778/442 689/779/443
f 690/780/444 691/781/445 692/782/446 693/783/447
f 694/784/448 695/785/449 687/777/441 686/776/440
f 696/786/450 697/787/451 691/781/445 690/780/444
f 698/788/452 699/789/453 695/785/449 694/784/448
f 700/790/454 701/791/455 697/787/451 696/786/450
f 702/792/456 703/793/457 701/791/455 700/790/454
f 704/794/458 705/795/459 706/796/460 707/797/461
f 708/798/462 709/799/463 703/793/457 702/792/456
f 710/800/464 711/801/465 705/795/459 704/794/458
f 712/802/466 713/803/467 709/799/463 708/798/462
f 714/804/468 715/805/469 711/801/465 710/800/464
f 689/779/443 688/778/442 713/803/467 712/802/466
f 693/783/447 692/782/446 715/805/469 714/804/468
f 705/795/459 716/806/470 717/807/471 706/796/460
f 709/799/463 718/808/472 719/809/473 703/793/457
f 711/801/465 720/810/474 716/806/470 705/795/459
f 713/803/467 721/811/475 718/808/472 709/799/463
f 715/805/469 722/812/476 720/810/474 711/801/465
f 688/778/442 723/813/477 721/811/475 713/803/467
f 692/782/446 724/814/478 722/812/476 715/805/469
f 687/777/441 725/815/479 723/813/477 688/778/442
f 691/781/445 726/816/480 724/814/478 692/782/446
f 695/785/449 727/817/481 725/815/479 687/777/441
f 697/787/451 728/818/482 726/816/480 691/781/445
f 699/789/453 729/819/483 727/817/481 695/785/449
f 701/791/455 730/820/484 728/818/482 697/787/451
f 703/793/457 719/809/473 730/820/484 701/791/455
f 726/816/480 731/821/485 732/822/486 724/814/478
f 727/817/481 733/823/487 734/824/488 725/815/479
f 728/818/482 735/825/489 731/821/485 726/816/480
f 729/819/483 736/826/490 733/823/487 727/817/481
f 730/820/484 737/827/491 735/825/489 728/818/482
f 719/809/473 738/828/492 737/827/491 730/820/484
f 716/806/470 739/829/493 740/830/494 717/807/471
f 718/808/472 741/831/495 738/828/492 719/809/473
f 720/810/474 742/832/496 739/829/493 716/806/470
f 721/811/475 743/833/497 741/831/495 718/808/472
f 722/812/476 744/834/498 742/832/496 720/810/474
f 723/813/477 745/835/499 743/833/497 721/811/475
f 724/814/478 732/822/486 744/834/498 722/812/476
f 725/815/479 734/824/488 745/835/499 723/813/477
f 741/831/495 746/836/500 747/837/501 738/828/492
f 742/832/496 748/838/502 749/839/503 739/829/493
f 743/833/497 750/840/504 746/836/500 741/831/495
f 744/834/498 751/841/505 748/838/502 742/832/496
f 745/835/499 752/842/506 750/840/504 743/833/497
f 732/822/486 753/843/507 751/841/505 744/834/498
f 734/824/488 754/844/508 752/842/506 745/835/499
f 731/821/485 755/845/509 753/843/507 732/822/486
f 733/823/487 756/846/510 754/844/508 734/824/488
f 735/825/489 757/847/511 755/845/509 731/821/485
f 736/826/490 758/848/512 756/846/510 733/823/487
f 737/827/491 759/849/513 757/847/511 735/825/489
f 738/828/492 747/837/501 759/849/513 737/827/491
f 739/829/493 749/839/503 760/850/514 740/830/494
f 756/846/510 761/851/515 762/852/516 754/844/508
f 757/847/511 763/853/517 764/854/518 755/845/509
f 758/848/512 765/855/519 761/851/515 756/846/510
f 759/849/513 766/856/520 763/853/517 757/847/511
f 747/837/501 767/857/521 766/856/520 759/849/513
f 749/839/503 768/858/522 769/859/523 760/850/514
f 746/836/500 770/860/524 767/857/521 747/837/501
f 748/838/502 771/861/525 768/858/522 749/839/503
f 750/840/504 772/862/526 770/860/524 746/836/500
f 751/841/505 773/863/527 771/861/525 748/838/502
f 752/842/506 774/864/528 772/862/526 750/840/504
f 753/843/507 775/865/529 773/863/527 751/841/505
f 754/844/508 762/852/516 774/864/528 752/842/506
f 755/845/509 764/854/518 775/865/529 753/843/507
f 772/862/526 776/866/530 777/867/531 770/860/524
f 773/863/527 778/868/532 779/869/533 771/861/525
f 774/864/528 780/870/534 776/866/530 772/862/526
f 775/865/529 781/871/535 778/868/532 773/863/527
f 762/852/516 782/872/536 780/870/534 774/864/528
f 764/854/518 783/873/537 781/871/535 775/865/529
f 761/851/515 784/874/538 782/872/536 762/852/516
f 763/853/517 785/875/539 783/873/537 764/854/518
f 765/855/519 786/876/540 784/874/538 761/851/515
f 766/856/520 787/877/21 785/875/539 763/853/517
f 767/857/521 788/878/541 787/877/21 766/856/520
f 768/858/522 789/879/542 790/880/543 769/859/523
f 770/860/524 777/867/531 788/878/541 767/857/521
f 771/861/525 779/869/533 789/879/542 768/858/522
f 786/876/540 791/881/544 792/882/545 784/874/538
f 787/877/21 793/883/546 794/884/547 785/875/539
f 788/878/541 795/885/548 793/883/546 787/877/21
f 789/879/542 796/886/549 797/887/550 790/880/543
f 777/867/531 798/888/551 795/885/548 788/878/541
f 779/869/533 799/889/552 796/886/549 789/879/542
f 776/866/530 800/890/553 798/888/551 777/867/531
f 778/868/532 801/891/554 799/889/552 779/869/533
f 780/870/534 802/892/555 800/890/553 776/866/530
f 781/871/535 803/893/556 801/891/554 778/868/532
f 782/872/536 804/894/557 802/892/555 780/870/534
f 783/873/537 805/895/558 803/893/556 781/871/535
f 784/874/538 792/882/545 804/894/557 782/872/536
f 785/875/539 794/884/547 805/895/558 783/873/537
f 801/891/554 806/896/559 807/897/560 799/889/552
f 802/892/555 808/898/561 809/899/562 800/890/553
f 803/893/556 810/900/563 806/896/559 801/891/554
f 804/894/557 811/901/564 808/898/561 802/892/555
f 805/895/558 812/902/565 810/900/563 803/893/556
f 792/882/545 813/903/566 811/901/564 804/894/557
f 794/884/547 814/904/567 812/902/565 805/895/558
f 791/881/544 815/905/568 813/903/566 792/882/545
f 793/883/546 816/906/569 814/904/567 794/884/547
f 795/885/548 817/907/570 816/906/569 793/883/546
f 796/886/549 818/908/571 819/909/572 797/887/550
f 798/888/551 820/910/573 817/907/570 795/885/548
f 799/889/552 807/897/560 818/908/571 796/886/549
f 800/890/553 809/899/562 820/910/573 798/888/551
f 816/906/569 821/911/574 822/912/575 814/904/567
f 817/907/570 823/913/576 821/911/574 816/906/569
f 818/908/571 824/914/577 825/915/578 819/909/572
f 820/910/573 826/916/579 823/913/576 817/907/570
f 807/897/560 827/917/580 824/914/577 818/908/571
f 809/899/562 828/918/581 826/916/579 820/910/573
f 806/896/559 829/919/582 827/917/580 807/897/560
f 808/898/561 830/920/583 828/918/581 809/899/562
f 810/900/563 831/921/584 829/919/582 806/896/559
f 811/901/564 832/922/585 830/920/583 808/898/561
f 812/902/565 833/923/586 831/921/584 810/900/563
f 813/903/566 834/924/587 832/922/585 811/901/564
f 814/904/567 822/912/575 833/923/586 812/902/565
f 815/905/568 835/925/588 834/924/587 813/903/566
f 830/920/583 836/926/589 837/927/590 828/918/581
f 831/921/584 838/928/591 839/929/592 829/919/582
f 832/922/585 840/930/593 836/926/589 830/920/583
f 833/923/586 841/931/594 838/928/591 831/921/584
f 834/924/587 842/932/595 840/930/593 832/922/585
f 822/912/575 843/933/596 841/931/594 833/923/586
f 835/925/588 844/934/597 842/932/595 834/924/587
f 821/911/574 845/935/598 843/933/596 822/912/575
f 823/913/576 846/936/599 845/935/598 821/911/574
f 824/914/577 847/937/600 848/938/601 825/915/578
f 826/916/579 849/939/602 846/936/599 823/913/576
f 827/917/580 850/940/603 847/937/600 824/914/577
f 828/918/581 837/927/590 849/939/602 826/916/579
f 829/919/582 839/929/592 850/940/603 827/917/580
f 846/936/599 851/941/604 852/942/605 845/935/598
f 847/937/600 853/943/606 854/944/607 848/938/601
f 849/939/602 855/945/608 851/941/604 846/936/599
f 850/940/603 856/946/609 853/943/606 847/937/600
f 837/927/590 857/947/610 855/945/608 849/939/602
f 839/929/592 858/948/611 856/946/609 850/940/603
f 836/926/589 859/949/612 857/947/610 837/927/590
f 838/928/591 860/950/613 858/948/611 839/929/592
f 840/930/593 861/951/614 859/949/612 836/926/589
f 841/931/594 862/952/615 860/950/613 838/928/591
f 842/932/595 863/953/616 861/951/614 840/930/593
f 843/933/596 864/954/617 862/952/615 841/931/594
f 844/934/597 865/955/618 863/953/616 842/932/595
f 845/935/598 852/942/605 864/954/617 843/933/596
f 860/950/613 866/956/619 867/957/620 858/948/611
f 861/951/614 868/958/621 869/959/622 859/949/612
f 862/952/615 870/960/623 866/956/619 860/950/613
f 863/953/616 871/961/624 868/958/621 861/951/614
f 864/954/617 872/962/625 870/960/623 862/952/615
f 865/955/618 873/963/626 871/961/624 863/953/616
f 852/942/605 874/964/627 872/962/625 864/954/617
f 851/941/604 875/965/628 874/964/627 852/942/605
f 853/943/606 876/966/629 877/967/630 854/944/607
f 855/945/608 878/968/631 875/965/628 851/941/604
f 856/946/609 879/969/632 876/966/629 853/943/606
f 857/947/610 880/970/633 878/968/631 855/945/608
f 858/948/611 867/957/620 879/969/632 856/946/609
f 859/949/612 869/959/622 880/970/633 857/947/610
f 409/502/634 406/501/634 417/507/634 416/506/634
f 881/971/635 882/972/636 883/973/637 884/974/638
f 885/975/639 886/976/640 887/977/641 888/978/642
f 889/979/643 885/975/639 888/978/642 890/980/644
f 891/981/645 889/979/643 890/980/644 892/982/646
f 893/983/647 891/981/645 892/982/646 894/984/648
f 895/985/649 893/983/647 894/984/648 896/986/650
f 897/987/651 895/985/649 896/986/650 898/988/21
f 899/989/652 897/990/651 898/991/21 900/992/653
f 901/993/654 899/989/652 900/992/653 902/994/655
f 903/995/656 901/993/654 902/994/655 904/996/657
f 905/997/658 903/995/656 904/996/657 906/998/659
f 907/999/660 905/997/658 906/998/659 908/1000/661
f 909/1001/662 907/999/660 908/1000/661 910/1002/663
f 911/1003/664 909/1001/662 910/1002/663 912/1004/665
f 913/1005/666 911/1003/664 912/1004/665 914/1006/667
f 915/1007/668 913/1005/666 914/1006/667 916/1008/669
f 917/1009/670 915/1007/668 916/1008/669 918/1010/671
f 919/1011/672 917/1009/670 918/1010/671 920/1012/673
f 921/1013/674 919/1011/672 920/1012/673 922/1014/675
f 923/1015/676 921/1013/674 922/1014/675 924/1016/677
f 925/1017/678 923/1015/676 924/1016/677 926/1018/679
f 927/1019/680 925/1017/678 926/1018/679 928/1020/681
f 929/1021/682 927/1019/680 928/1020/681 930/1022/9
f 931/1023/683 929/1024/682 930/1025/9 932/1026/684
f 933/1027/685 931/1023/683 932/1026/684 934/1028/686
f 935/1029/687 933/1027/685 934/1028/686 936/1030/688
f 937/1031/689 935/1029/687 936/1030/688 938/1032/690
f 939/1033/691 937/1031/689 938/1032/690 940/1034/692
f 941/1035/693 939/1033/691 940/1034/692 942/1036/694
f 943/1037/695 941/1035/693 942/1036/694 944/1038/696
f 886/976/640 945/1039/697 946/1040/698 887/977/641
f 947/1041/699 948/1042/700 949/1043/701 950/1044/702
f 951/1045/703 952/1046/704 953/1047/705 954/1048/706
f 955/1049/707 956/1050/708 957/1051/709 958/1052/710
f 959/1053/711 960/1054/712 961/1055/713 962/1056/714
f 963/1057/715 964/1058/716 965/1059/717 966/1060/718
f 967/1061/719 968/1062/720 969/1063/721 970/1064/722
f 971/1065/723 972/1066/724 973/1067/725 974/1068/726
f 975/1069/727 976/1070/728 977/1071/729 978/1072/730
f 884/974/638 883/973/637 979/1073/731 980/1074/732
f 954/1048/706 953/1047/705 981/1075/733 982/1076/734
f 958/1052/710 957/1051/709 983/1077/735 984/1078/736
f 962/1056/714 961/1055/713 985/1079/737 986/1080/738
f 966/1060/718 965/1059/717 987/1081/739 988/1082/740
f 970/1064/722 969/1063/721 989/1083/741 990/1084/742
f 974/1068/726 973/1067/725 991/1085/743 992/1086/744
f 980/1074/732 979/1073/731 993/1087/745 994/1088/746
f 982/1076/734 981/1075/733 995/1089/747 996/1090/748
f 984/1078/736 983/1077/735 997/1091/749 998/1092/750
f 986/1080/738 985/1079/737 948/1042/700 947/1041/699
f 988/1093/740 987/1094/739 999/1095/751 1000/1096/752
f 990/1084/742 989/1083/741 1001/1097/753 1002/1098/754
f 992/1086/744 991/1085/743 1003/1099/755 1004/1100/756
f 994/1088/746 993/1087/745 1005/1101/757 1006/1102/758
f 996/1090/748 995/1089/747 1007/1103/759 1008/1104/760
f 998/1092/750 997/1091/749 1009/1105/761 1010/1106/762
f 1000/1096/752 999/1095/751 952/1046/704 951/1045/703
f 1002/1098/754 1001/1097/753 956/1050/708 955/1049/707
f 1004/1100/756 1003/1099/755 960/1054/712 959/1053/711
f 1006/1102/758 1005/1101/757 964/1058/716 963/1057/715
f 1008/1104/760 1007/1103/759 968/1062/720 967/1061/719
f 1010/1106/762 1009/1105/761 972/1107/724 971/1108/723
f 1011/1109/763 1012/1110/764 1013/1111/765 1014/1112/766
f 1015/1113/767 1016/1114/768 1017/1115/769 1018/1116/770
f 1019/1117/771 1011/1109/763 1014/1112/766 1020/1118/772
f 1021/1119/773 1015/1113/767 1018/1116/770 1022/1120/774
f 1023/1121/775 1019/1117/771 1020/1118/772 1024/1122/776
f 1025/1123/777 1021/1119/773 1022/1120/774 1026/1124/778
f 1027/1125/779 1023/1121/775 1024/1122/776 1028/1126/780
f 1029/1127/781 1030/1128/782 1031/1129/783 1032/1130/784
f 1033/1131/785 1025/1123/777 1026/1124/778 1034/1132/786
f 1035/1133/787 1027/1125/779 1028/1126/780 1036/1134/788
f 1037/1135/789 1038/1136/790 1039/1137/791 1040/1138/792
f 1041/1139/793 1033/1131/785 1034/1132/786 1042/1140/794
f 1043/1141/795 1035/1133/787 1036/1134/788 1044/1142/796
f 1045/1143/797 1037/1135/789 1040/1138/792 1046/1144/798
f 1047/1145/799 1041/1139/793 1042/1140/794 1048/1146/800
f 1049/1147/801 1043/1141/795 1044/1142/796 1050/1148/802
f 1051/1149/803 1045/1143/797 1046/1144/798 1052/1150/804
f 1030/1128/782 1047/1145/799 1048/1146/800 1031/1129/783
f 1053/1151/805 1049/1147/801 1050/1148/802 1054/1152/806
f 1055/1153/807 1051/1149/803 1052/1150/804 1056/1154/808
f 945/1039/697 1057/1155/809 1058/1156/810 946/1040/698
f 1059/1157/811 1053/1151/805 1054/1152/806 1060/1158/812
f 1061/1159/813 1055/1153/807 1056/1154/808 1062/1160/814
f 1063/1161/815 1059/1157/811 1060/1158/812 1064/1162/816
f 1065/1163/817 1061/1159/813 1062/1160/814 1066/1164/818
f 1067/1165/819 1063/1161/815 1064/1162/816 1068/1166/820
f 1069/1167/821 1065/1163/817 1066/1164/818 1070/1168/822
f 1071/1169/823 1067/1165/819 1068/1166/820 1072/1170/824
f 1073/1171/825 1069/1172/821 1070/1173/822 1074/1174/826
f 1075/1175/827 1071/1169/823 1072/1170/824 1076/1176/828
f 1012/1110/764 1073/1171/825 1074/1174/826 1013/1111/765
f 1016/1177/768 1075/1175/827 1076/1176/828 1017/1178/769
f 936/1030/829 934/1028/829 1077/1179/830 1078/1180/830
f 882/972/636 949/1043/701 1079/1181/831 1080/1182/832
f 1080/1182/832 1079/1181/831 1081/1183/833 1082/1184/834
f 1082/1184/835 1081/1183/836 1029/1127/781 1038/1136/790
f 883/973/637 882/972/636 1080/1182/832 1083/1185/837
f 1083/1185/837 1080/1182/832 1082/1184/834 1084/1186/838
f 1084/1186/839 1082/1184/835 1038/1136/790 1037/1135/789
f 979/1073/731 883/973/637 1083/1185/837 1085/1187/840
f 1085/1187/840 1083/1185/837 1084/1186/838 1086/1188/841
f 1086/1188/842 1084/1186/839 1037/1135/789 1045/1143/797
f 993/1087/745 979/1073/731 1085/1187/840 1087/1189/843
f 1087/1189/843 1085/1187/840 1086/1188/841 1088/1190/844
f 1088/1190/845 1086/1188/842 1045/1143/797 1051/1149/803
f 1005/1101/757 993/1087/745 1087/1189/843 1089/1191/846
f 1089/1191/846 1087/1189/843 1088/1190/844 1090/1192/847
f 1090/1192/848 1088/1190/845 1051/1149/803 1055/1153/807
f 964/1058/716 1005/1101/757 1089/1191/846 1091/1193/849
f 1091/1193/849 1089/1191/846 1090/1192/847 1092/1194/850
f 1092/1194/851 1090/1192/848 1055/1153/807 1061/1159/813
f 965/1059/717 964/1058/716 1091/1193/849 1093/1195/852
f 1093/1195/852 1091/1193/849 1092/1194/850 1094/1196/853
f 1094/1196/854 1092/1194/851 1061/1159/813 1065/1163/817
f 987/1081/739 965/1059/717 1093/1195/852 1095/1197/855
f 1095/1197/855 1093/1195/852 1094/1196/853 1096/1198/856
f 1096/1198/857 1094/1196/854 1065/1163/817 1069/1167/821
f 999/1095/751 987/1094/739 1095/1199/855 1097/1200/858
f 1097/1200/858 1095/1199/855 1096/1201/856 1098/1202/859
f 1098/1202/860 1096/1201/857 1069/1172/821 1073/1171/825
f 952/1046/704 999/1095/751 1097/1200/858 1099/1203/861
f 1099/1203/861 1097/1200/858 1098/1202/859 1100/1204/862
f 1100/1204/863 1098/1202/860 1073/1171/825 1012/1110/764
f 953/1047/705 952/1046/704 1099/1203/861 1101/1205/864
f 1101/1205/864 1099/1203/861 1100/1204/862 1102/1206/865
f 1102/1206/866 1100/1204/863 1012/1110/764 1011/1109/763
f 981/1075/733 953/1047/705 1101/1205/864 1103/1207/867
f 1103/1207/867 1101/1205/864 1102/1206/865 1104/1208/868
f 1104/1208/869 1102/1206/866 1011/1109/763 1019/1117/771
f 995/1089/747 981/1075/733 1103/1207/867 1105/1209/870
f 1105/1209/870 1103/1207/867 1104/1208/868 1106/1210/871
f 1106/1210/872 1104/1208/869 1019/1117/771 1023/1121/775
f 1007/1103/759 995/1089/747 1105/1209/870 1107/1211/873
f 1107/1211/873 1105/1209/870 1106/1210/871 1108/1212/874
f 1108/1212/875 1106/1210/872 1023/1121/775 1027/1125/779
f 968/1062/720 1007/1103/759 1107/1211/873 1109/1213/876
f 1109/1213/876 1107/1211/873 1108/1212/874 1110/1214/877
f 1110/1214/878 1108/1212/875 1027/1125/779 1035/1133/787
f 969/1063/721 968/1062/720 1109/1213/876 1111/1215/879
f 1111/1215/879 1109/1213/876 1110/1214/877 1112/1216/880
f 1112/1216/881 1110/1214/878 1035/1133/787 1043/1141/795
f 989/1083/741 969/1063/721 1111/1215/879 1113/1217/882
f 1113/1217/882 1111/1215/879 1112/1216/880 1114/1218/883
f 1114/1218/884 1112/1216/881 1043/1141/795 1049/1147/801
f 1001/1097/753 989/1083/741 1113/1217/882 1115/1219/885
f 1115/1219/885 1113/1217/882 1114/1218/883 1116/1220/886
f 1116/1220/887 1114/1218/884 1049/1147/801 1053/1151/805
f 956/1050/708 1001/1097/753 1115/1219/885 1117/1221/888
f 1117/1221/888 1115/1219/885 1116/1220/886 1118/1222/889
f 1118/1222/890 1116/1220/887 1053/1151/805 1059/1157/811
f 957/1051/709 956/1050/708 1117/1221/888 1119/1223/891
f 1119/1223/891 1117/1221/888 1118/1222/889 1120/1224/892
f 1120/1224/893 1118/1222/890 1059/1157/811 1063/1161/815
f 983/1077/735 957/1051/709 1119/1223/891 1121/1225/894
f 1121/1225/894 1119/1223/891 1120/1224/892 1122/1226/895
f 1122/1226/896 1120/1224/893 1063/1161/815 1067/1165/819
f 997/1091/749 983/1077/735 1121/1225/894 1123/1227/897
f 1123/1227/897 1121/1225/894 1122/1226/895 1124/1228/898
f 1124/1228/899 1122/1226/896 1067/1165/819 1071/1169/823
f 1009/1105/761 997/1091/749 1123/1227/897 1125/1229/900
f 1125/1229/900 1123/1227/897 1124/1228/898 1126/1230/901
f 1126/1230/902 1124/1228/899 1071/1169/823 1075/1175/827
f 972/1107/724 1009/1105/761 1125/1229/900 1127/1231/903
f 1127/1231/903 1125/1229/900 1126/1230/901 1128/1232/904
f 1128/1232/905 1126/1230/902 1075/1175/827 1016/1177/768
f 973/1067/725 972/1066/724 1127/1233/903 1129/1234/906
f 1129/1234/906 1127/1233/903 1128/1235/904 1130/1236/907
f 1130/1236/908 1128/1235/905 1016/1114/768 1015/1113/767
f 991/1085/743 973/1067/725 1129/1234/906 1131/1237/909
f 1131/1237/909 1129/1234/906 1130/1236/907 1132/1238/910
f 1132/1238/911 1130/1236/908 1015/1113/767 1021/1119/773
f 1003/1099/755 991/1085/743 1131/1237/909 1133/1239/912
f 1133/1239/912 1131/1237/909 1132/1238/910 1134/1240/913
f 1134/1240/914 1132/1238/911 1021/1119/773 1025/1123/777
f 960/1054/712 1003/1099/755 1133/1239/912 1135/1241/915
f 1135/1241/915 1133/1239/912 1134/1240/913 1136/1242/916
f 1136/1242/917 1134/1240/914 1025/1123/777 1033/1131/785
f 961/1055/713 960/1054/712 1135/1241/915 1137/1243/918
f 1137/1243/918 1135/1241/915 1136/1242/916 1138/1244/919
f 1138/1244/920 1136/1242/917 1033/1131/785 1041/1139/793
f 985/1079/737 961/1055/713 1137/1243/918 1139/1245/921
f 1139/1245/921 1137/1243/918 1138/1244/919 1140/1246/922
f 1140/1246/923 1138/1244/920 1041/1139/793 1047/1145/799
f 948/1042/700 985/1079/737 1139/1245/921 1141/1247/924
f 1141/1247/924 1139/1245/921 1140/1246/922 1142/1248/925
f 1142/1248/926 1140/1246/923 1047/1145/799 1030/1128/782
f 949/1043/701 948/1042/700 1141/1247/924 1079/1181/831
f 1079/1181/831 1141/1247/924 1142/1248/925 1081/1183/833
f 1081/1183/836 1142/1248/926 1030/1128/782 1029/1127/781
f 1057/1155/809 943/1037/695 944/1038/696 1058/1156/810
f 1039/1137/791 1032/1130/784 1143/1249/881 1144/1250/927
f 1144/1250/928 1143/1249/929 1145/1251/930 1146/1252/931
f 1146/1252/931 1145/1251/930 1057/1155/809 945/1039/697
f 1040/1138/792 1039/1137/791 1144/1250/927 1147/1253/932
f 1147/1253/933 1144/1250/928 1146/1252/931 1148/1254/934
f 1148/1254/934 1146/1252/931 945/1039/697 886/976/640
f 1046/1144/798 1040/1138/792 1147/1253/932 1149/1255/935
f 1149/1255/936 1147/1253/933 1148/1254/934 1150/1256/937
f 1150/1256/937 1148/1254/934 886/976/640 885/975/639
f 1052/1150/804 1046/1144/798 1149/1255/935 1151/1257/938
f 1151/1257/939 1149/1255/936 1150/1256/937 1152/1258/940
f 1152/1258/940 1150/1256/937 885/975/639 889/979/643
f 1056/1154/808 1052/1150/804 1151/1257/938 1153/1259/941
f 1153/1259/942 1151/1257/939 1152/1258/940 1154/1260/943
f 1154/1260/943 1152/1258/940 889/979/643 891/981/645
f 1062/1160/814 1056/1154/808 1153/1259/941 1155/1261/944
f 1155/1261/945 1153/1259/942 1154/1260/943 1156/1262/946
f 1156/1262/946 1154/1260/943 891/981/645 893/983/647
f 1066/1164/818 1062/1160/814 1155/1261/944 1157/1263/947
f 1157/1263/948 1155/1261/945 1156/1262/946 1158/1264/949
f 1158/1264/949 1156/1262/946 893/983/647 895/985/649
f 1070/1168/822 1066/1164/818 1157/1263/947 1159/1265/905
f 1159/1265/904 1157/1263/948 1158/1264/949 1160/1266/950
f 1160/1266/950 1158/1264/949 895/985/649 897/987/651
f 1074/1174/826 1070/1173/822 1159/1267/905 1161/1268/951
f 1161/1268/952 1159/1267/904 1160/1269/950 1162/1270/953
f 1162/1270/953 1160/1269/950 897/990/651 899/989/652
f 1013/1111/765 1074/1174/826 1161/1268/951 1163/1271/954
f 1163/1271/955 1161/1268/952 1162/1270/953 1164/1272/956
f 1164/1272/956 1162/1270/953 899/989/652 901/993/654
f 1014/1112/766 1013/1111/765 1163/1271/954 1165/1273/957
f 1165/1273/958 1163/1271/955 1164/1272/956 1166/1274/959
f 1166/1274/959 1164/1272/956 901/993/654 903/995/656
f 1020/1118/772 1014/1112/766 1165/1273/957 1167/1275/960
f 1167/1275/961 1165/1273/958 1166/1274/959 1168/1276/962
f 1168/1276/962 1166/1274/959 903/995/656 905/997/658
f 1024/1122/776 1020/1118/772 1167/1275/960 1169/1277/963
f 1169/1277/964 1167/1275/961 1168/1276/962 1170/1278/965
f 1170/1278/965 1168/1276/962 905/997/658 907/999/660
f 1028/1126/780 1024/1122/776 1169/1277/963 1171/1279/966
f 1171/1279/967 1169/1277/964 1170/1278/965 1172/1280/968
f 1172/1280/968 1170/1278/965 907/999/660 909/1001/662
f 1036/1134/788 1028/1126/780 1171/1279/966 1173/1281/969
f 1173/1281/970 1171/1279/967 1172/1280/968 1174/1282/971
f 1174/1282/971 1172/1280/968 909/1001/662 911/1003/664
f 1044/1142/796 1036/1134/788 1173/1281/969 1175/1283/972
f 1175/1283/833 1173/1281/970 1174/1282/971 1176/1284/973
f 1176/1284/973 1174/1282/971 911/1003/664 913/1005/666
f 1050/1148/802 1044/1142/796 1175/1283/972 1177/1285/974
f 1177/1285/975 1175/1283/833 1176/1284/973 1178/1286/976
f 1178/1286/976 1176/1284/973 913/1005/666 915/1007/668
f 1054/1152/806 1050/1148/802 1177/1285/974 1179/1287/977
f 1179/1287/978 1177/1285/975 1178/1286/976 1180/1288/979
f 1180/1288/979 1178/1286/976 915/1007/668 917/1009/670
f 1060/1158/812 1054/1152/806 1179/1287/977 1181/1289/980
f 1181/1289/981 1179/1287/978 1180/1288/979 1182/1290/982
f 1182/1290/982 1180/1288/979 917/1009/670 919/1011/672
f 1064/1162/816 1060/1158/812 1181/1289/980 1183/1291/983
f 1183/1291/984 1181/1289/981 1182/1290/982 1184/1292/985
f 1184/1292/985 1182/1290/982 919/1011/672 921/1013/674
f 1068/1166/820 1064/1162/816 1183/1291/983 1185/1293/986
f 1185/1293/987 1183/1291/984 1184/1292/985 1186/1294/988
f 1186/1294/988 1184/1292/985 921/1013/674 923/1015/676
f 1072/1170/824 1068/1166/820 1185/1293/986 1187/1295/989
f 1187/1295/990 1185/1293/987 1186/1294/988 1188/1296/991
f 1188/1296/991 1186/1294/988 923/1015/676 925/1017/678
f 1076/1176/828 1072/1170/824 1187/1295/989 1189/1297/992
f 1189/1297/993 1187/1295/990 1188/1296/991 1190/1298/994
f 1190/1298/994 1188/1296/991 925/1017/678 927/1019/680
f 1017/1178/769 1076/1176/828 1189/1297/992 1191/1299/857
f 1191/1299/856 1189/1297/993 1190/1298/994 1192/1300/995
f 1192/1300/995 1190/1298/994 927/1019/680 929/1021/682
f 1018/1116/770 1017/1115/769 1191/1301/857 1193/1302/996
f 1193/1302/997 1191/1301/856 1192/1303/995 1194/1304/998
f 1194/1304/998 1192/1303/995 929/1024/682 931/1023/683
f 1022/1120/774 1018/1116/770 1193/1302/996 1195/1305/999
f 1195/1305/1000 1193/1302/997 1194/1304/998 1196/1306/1001
f 1196/1306/1001 1194/1304/998 931/1023/683 933/1027/685
f 1026/1124/778 1022/1120/774 1195/1305/999 1197/1307/1002
f 1197/1307/1003 1195/1305/1000 1196/1306/1001 1198/1308/1004
f 1198/1308/1004 1196/1306/1001 933/1027/685 935/1029/687
f 1034/1132/786 1026/1124/778 1197/1307/1002 1199/1309/1005
f 1199/1309/1006 1197/1307/1003 1198/1308/1004 1200/1310/1007
f 1200/1310/1007 1198/1308/1004 935/1029/687 937/1031/689
f 1042/1140/794 1034/1132/786 1199/1309/1005 1201/1311/1008
f 1201/1311/1009 1199/1309/1006 1200/1310/1007 1202/1312/1010
f 1202/1312/1010 1200/1310/1007 937/1031/689 939/1033/691
f 1048/1146/800 1042/1140/794 1201/1311/1008 1203/1313/1011
f 1203/1313/1012 1201/1311/1009 1202/1312/1010 1204/1314/1013
f 1204/1314/1013 1202/1312/1010 939/1033/691 941/1035/693
f 1031/1129/783 1048/1146/800 1203/1313/1011 1205/1315/1014
f 1205/1315/1015 1203/1313/1012 1204/1314/1013 1206/1316/1016
f 1206/1316/1016 1204/1314/1013 941/1035/693 943/1037/695
f 1032/1130/784 1031/1129/783 1205/1315/1014 1143/1249/881
f 1143/1249/929 1205/1315/1015 1206/1316/1016 1145/1251/930
f 1145/1251/930 1206/1316/1016 943/1037/695 1057/1155/809
f 1038/1136/790 1029/1127/781 1032/1130/784 1039/1137/791
f 950/1044/702 881/971/635 1207/1317/1017 1208/1318/1018
f 1208/1318/1018 1207/1317/1017 1209/1319/1019 1210/1320/1020
f 1210/1321/1021 1209/1322/1022 1211/1323/1023 1212/1324/1024
f 881/971/635 884/974/638 1213/1325/1025 1207/1317/1017
f 1207/1317/1017 1213/1325/1025 1214/1326/1026 1209/1319/1019
f 1209/1322/1022 1214/1327/1027 1215/1328/1028 1211/1323/1023
f 884/974/638 980/1074/732 1216/1329/1029 1213/1325/1025
f 1213/1325/1025 1216/1329/1029 1217/1330/1030 1214/1326/1026
f 1214/1327/1027 1217/1331/1031 1218/1332/1032 1215/1328/1028
f 980/1074/732 994/1088/746 1219/1333/1033 1216/1329/1029
f 1216/1329/1029 1219/1333/1033 1220/1334/1034 1217/1330/1030
f 1217/1331/1031 1220/1335/1035 1221/1336/1036 1218/1332/1032
f 994/1088/746 1006/1102/758 1222/1337/1037 1219/1333/1033
f 1219/1333/1033 1222/1337/1037 1223/1338/1038 1220/1334/1034
f 1220/1335/1035 1223/1339/1039 1224/1340/1040 1221/1336/1036
f 1006/1102/758 963/1057/715 1225/1341/1041 1222/1337/1037
f 1222/1337/1037 1225/1341/1041 1226/1342/1042 1223/1338/1038
f 1223/1339/1039 1226/1343/1043 1227/1344/1044 1224/1340/1040
f 963/1057/715 966/1060/718 1228/1345/1045 1225/1341/1041
f 1225/1341/1041 1228/1345/1045 1229/1346/1046 1226/1342/1042
f 1226/1343/1043 1229/1347/1047 975/1069/727 1227/1344/1044
f 966/1060/718 988/1082/740 1230/1348/1048 1228/1345/1045
f 1228/1345/1045 1230/1348/1048 1231/1349/1049 1229/1346/1046
f 1229/1347/1047 1231/1350/1050 976/1070/728 975/1069/727
f 988/1093/740 1000/1096/752 1232/1351/1051 1230/1352/1048
f 1230/1352/1048 1232/1351/1051 1233/1353/1052 1231/1354/1049
f 1231/1350/1050 1233/1355/1053 1234/1356/1054 976/1070/728
f 1000/1096/752 951/1045/703 1235/1357/1055 1232/1351/1051
f 1232/1351/1051 1235/1357/1055 1236/1358/1056 1233/1353/1052
f 1233/1355/1053 1236/1359/1057 1237/1360/1058 1234/1356/1054
f 951/1045/703 954/1048/706 1238/1361/1059 1235/1357/1055
f 1235/1357/1055 1238/1361/1059 1239/1362/1060 1236/1358/1056
f 1236/1359/1057 1239/1363/1061 1240/1364/1062 1237/1360/1058
f 954/1048/706 982/1076/734 1241/1365/1063 1238/1361/1059
f 1238/1361/1059 1241/1365/1063 1242/1366/1064 1239/1362/1060
f 1239/1363/1061 1242/1367/1065 1243/1368/1066 1240/1364/1062
f 982/1076/734 996/1090/748 1244/1369/1067 1241/1365/1063
f 1241/1365/1063 1244/1369/1067 1245/1370/1068 1242/1366/1064
f 1242/1367/1065 1245/1371/1069 1246/1372/1070 1243/1368/1066
f 996/1090/748 1008/1104/760 1247/1373/1071 1244/1369/1067
f 1244/1369/1067 1247/1373/1071 1248/1374/1072 1245/1370/1068
f 1245/1371/1069 1248/1375/1073 1249/1376/1074 1246/1372/1070
f 1008/1104/760 967/1061/719 1250/1377/1075 1247/1373/1071
f 1247/1373/1071 1250/1377/1075 1251/1378/1076 1248/1374/1072
f 1248/1375/1073 1251/1379/1077 1252/1380/1078 1249/1376/1074
f 967/1061/719 970/1064/722 1253/1381/1079 1250/1377/1075
f 1250/1377/1075 1253/1381/1079 1254/1382/1080 1251/1378/1076
f 1251/1379/1077 1254/1383/1081 1255/1384/1082 1252/1380/1078
f 970/1064/722 990/1084/742 1256/1385/1083 1253/1381/1079
f 1253/1381/1079 1256/1385/1083 1257/1386/1084 1254/1382/1080
f 1254/1383/1081 1257/1387/1085 1258/1388/1086 1255/1384/1082
f 990/1084/742 1002/1098/754 1259/1389/1087 1256/1385/1083
f 1256/1385/1083 1259/1389/1087 1260/1390/1088 1257/1386/1084
f 1257/1387/1085 1260/1391/1089 1261/1392/1090 1258/1388/1086
f 1002/1098/754 955/1049/707 1262/1393/1091 1259/1389/1087
f 1259/1389/1087 1262/1393/1091 1263/1394/1092 1260/1390/1088
f 1260/1391/1089 1263/1395/1093 1264/1396/1094 1261/1392/1090
f 955/1049/707 958/1052/710 1265/1397/1095 1262/1393/1091
f 1262/1393/1091 1265/1397/1095 1266/1398/1096 1263/1394/1092
f 1263/1395/1093 1266/1399/1097 1267/1400/1098 1264/1396/1094
f 958/1052/710 984/1078/736 1268/1401/1099 1265/1397/1095
f 1265/1397/1095 1268/1401/1099 1269/1402/1100 1266/1398/1096
f 1266/1399/1097 1269/1403/1101 1270/1404/1102 1267/1400/1098
f 984/1078/736 998/1092/750 1271/1405/1103 1268/1401/1099
f 1268/1401/1099 1271/1405/1103 1272/1406/1104 1269/1402/1100
f 1269/1403/1101 1272/1407/1105 1273/1408/1106 1270/1404/1102
f 998/1092/750 1010/1106/762 1274/1409/1107 1271/1405/1103
f 1271/1405/1103 1274/1409/1107 1275/1410/1108 1272/1406/1104
f 1272/1407/1105 1275/1411/1109 1276/1412/1110 1273/1408/1106
f 1010/1106/762 971/1108/723 1277/1413/1111 1274/1409/1107
f 1274/1409/1107 1277/1413/1111 1278/1414/1112 1275/1410/1108
f 1275/1411/1109 1278/1415/1113 1279/1416/1114 1276/1412/1110
f 971/1065/723 974/1068/726 1280/1417/1115 1277/1418/1111
f 1277/1418/1111 1280/1417/1115 1281/1419/1116 1278/1420/1112
f 1278/1415/1113 1281/1421/1117 1282/1422/1118 1279/1416/1114
f 974/1068/726 992/1086/744 1283/1423/1119 1280/1417/1115
f 1280/1417/1115 1283/1423/1119 1284/1424/1120 1281/1419/1116
f 1281/1421/1117 1284/1425/1121 1285/1426/1122 1282/1422/1118
f 992/1086/744 1004/1100/756 1286/1427/1123 1283/1423/1119
f 1283/1423/1119 1286/1427/1123 1287/1428/1124 1284/1424/1120
f 1284/1425/1121 1287/1429/1125 1288/1430/1126 1285/1426/1122
f 1004/1100/756 959/1053/711 1289/1431/1127 1286/1427/1123
f 1286/1427/1123 1289/1431/1127 1290/1432/1128 1287/1428/1124
f 1287/1429/1125 1290/1433/1129 1291/1434/1130 1288/1430/1126
f 959/1053/711 962/1056/714 1292/1435/1131 1289/1431/1127
f 1289/1431/1127 1292/1435/1131 1293/1436/1132 1290/1432/1128
f 1290/1433/1129 1293/1437/1133 1294/1438/1134 1291/1434/1130
f 962/1056/714 986/1080/738 1295/1439/1135 1292/1435/1131
f 1292/1435/1131 1295/1439/1135 1296/1440/1136 1293/1436/1132
f 1293/1437/1133 1296/1441/1137 1297/1442/1138 1294/1438/1134
f 986/1080/738 947/1041/699 1298/1443/1139 1295/1439/1135
f 1295/1439/1135 1298/1443/1139 1299/1444/1140 1296/1440/1136
f 1296/1441/1137 1299/1445/1141 1300/1446/1142 1297/1442/1138
f 947/1041/699 950/1044/702 1208/1318/1018 1298/1443/1139
f 1298/1443/1139 1208/1318/1018 1210/1320/1020 1299/1444/1140
f 1299/1445/1141 1210/1321/1021 1212/1324/1024 1300/1446/1142
f 950/1044/702 949/1043/701 882/972/636 881/971/635
f 1297/1442/1138 1300/1446/1142 1301/1447/730 1302/1448/730
f 1234/1356/1054 1237/1360/1058 1303/1449/730 1304/1450/1143
f 1240/1364/1062 1243/1368/1066 1305/1451/729 1306/1452/730
f 1246/1372/1070 1249/1376/1074 1307/1453/730 1308/1454/729
f 1252/1380/1078 1255/1384/1082 1309/1455/730 1310/1456/730
f 1258/1388/1086 1261/1392/1090 1311/1457/730 1312/1458/730
f 1264/1396/1094 1267/1400/1098 1313/1459/730 1314/1460/729
f 1300/1446/1142 1212/1324/1024 1315/1461/730 1301/1447/730
f 1270/1404/1102 1273/1408/1106 1316/1462/730 1317/1463/730
f 1212/1324/1024 1211/1323/1023 1318/1464/730 1315/1461/730
f 1276/1412/1110 1279/1416/1114 1319/1465/730 1320/1466/1143
f 1215/1328/1028 1218/1332/1032 1321/1467/730 1322/1468/730
f 1282/1422/1118 1285/1426/1122 1323/1469/730 1324/1470/730
f 1221/1336/1036 1224/1340/1040 1325/1471/730 1326/1472/730
f 1288/1430/1126 1291/1434/1130 1327/1473/730 1328/1474/730
f 1227/1344/1044 975/1069/727 978/1072/730 1329/1475/730
f 1294/1438/1134 1297/1442/1138 1302/1448/730 1330/1476/730
f 976/1070/728 1234/1356/1054 1304/1450/1143 977/1071/729
f 1237/1360/1058 1240/1364/1062 1306/1452/730 1303/1449/730
f 1243/1368/1066 1246/1372/1070 1308/1454/729 1305/1451/729
f 1249/1376/1074 1252/1380/1078 1310/1456/730 1307/1453/730
f 1255/1384/1082 1258/1388/1086 1312/1458/730 1309/1455/730
f 1261/1392/1090 1264/1396/1094 1314/1460/729 1311/1457/730
f 1267/1400/1098 1270/1404/1102 1317/1463/730 1313/1459/730
f 1273/1408/1106 1276/1412/1110 1320/1466/1143 1316/1462/730
f 1211/1323/1023 1215/1328/1028 1322/1468/730 1318/1464/730
f 1279/1416/1114 1282/1422/1118 1324/1470/730 1319/1465/730
f 1218/1332/1032 1221/1336/1036 1326/1472/730 1321/1467/730
f 1285/1426/1122 1288/1430/1126 1328/1474/730 1323/1469/730
f 1224/1340/1040 1227/1344/1044 1329/1475/730 1325/1471/730
f 1291/1434/1130 1294/1438/1134 1330/1476/730 1327/1473/730
f 1321/1467/730 1326/1472/730 1331/1477/730
f 1302/1448/730 1301/1447/730 1331/1477/730
f 1312/1458/730 1311/1457/730 1331/1477/730
f 1326/1472/730 1325/1471/730 1331/1477/730
f 1301/1447/730 1315/1461/730 1331/1477/730
f 1311/1457/730 1314/1460/729 1331/1477/730
f 1325/1471/730 1329/1475/730 1331/1477/730
f 1314/1460/729 1313/1459/730 1331/1477/730
f 1329/1475/730 978/1072/730 1331/1477/730
f 1313/1459/730 1317/1463/730 1331/1477/730
f 978/1072/730 977/1071/729 1331/1477/730
f 1317/1463/730 1316/1462/730 1331/1477/730
f 977/1071/729 1304/1450/1143 1331/1477/730
f 1316/1462/730 1320/1466/1143 1331/1477/730
f 1304/1450/1143 1303/1449/730 1331/1477/730
f 1320/1466/1143 1319/1465/730 1331/1477/730
f 1303/1449/730 1306/1452/730 1331/1477/730
f 1319/1465/730 1324/1470/730 1331/1477/730
f 1306/1452/730 1305/1451/729 1331/1477/730
f 1324/1470/730 1323/1469/730 1331/1477/730
f 1305/1451/729 1308/1454/729 1331/1477/730
f 1323/1469/730 1328/1474/730 1331/1477/730
f 1308/1454/729 1307/1453/730 1331/1477/730
f 1315/1461/730 1318/1464/730 1331/1477/730
f 1328/1474/730 1327/1473/730 1331/1477/730
f 1307/1453/730 1310/1456/730 1331/1477/730
f 1318/1464/730 1322/1468/730 1331/1477/730
f 1327/1473/730 1330/1476/730 1331/1477/730
f 1310/1456/730 1309/1455/730 1331/1477/730
f 1322/1468/730 1321/1467/730 1331/1477/730
f 1330/1476/730 1302/1448/730 1331/1477/730
f 1309/1455/730 1312/1458/730 1331/1477/730
f 910/1002/829 908/1000/829 1332/1478/829 1333/1479/829
f 946/1040/829 1058/1156/829 1334/1480/829 1335/1481/829
f 938/1032/829 936/1030/829 1078/1180/830 1336/1482/829
f 912/1004/829 910/1002/829 1333/1479/829 1337/1483/829
f 887/977/829 946/1040/829 1335/1481/829 1338/1484/829
f 940/1034/829 938/1032/829 1336/1482/829 1339/1485/829
f 914/1006/829 912/1004/829 1337/1483/829 1340/1486/829
f 888/978/829 887/977/829 1338/1484/829 1341/1487/829
f 942/1036/829 940/1034/829 1339/1485/829 1342/1488/829
f 916/1008/829 914/1006/829 1340/1486/829 1343/1489/829
f 890/980/829 888/978/829 1341/1487/829 1344/1490/829
f 944/1038/829 942/1036/829 1342/1488/829 1345/1491/829
f 918/1010/829 916/1008/829 1343/1489/829 1346/1492/829
f 892/982/829 890/980/829 1344/1490/829 1347/1493/829
f 1058/1156/829 944/1038/829 1345/1491/829 1334/1480/829
f 920/1012/829 918/1010/829 1346/1492/829 1348/1494/829
f 894/984/829 892/982/829 1347/1493/829 1349/1495/830
f 922/1014/829 920/1012/829 1348/1494/829 1350/1496/829
f 896/986/829 894/984/829 1349/1495/830 1351/1497/829
f 924/1016/829 922/1014/829 1350/1496/829 1352/1498/829
f 898/988/829 896/986/829 1351/1497/829 1353/1499/829
f 926/1018/829 924/1016/829 1352/1498/829 1354/1500/829
f 900/992/829 898/991/829 1353/1501/829 1355/1502/830
f 928/1020/829 926/1018/829 1354/1500/829 1356/1503/830
f 902/994/829 900/992/829 1355/1502/830 1357/1504/829
f 930/1022/829 928/1020/829 1356/1503/830 1358/1505/829
f 904/996/829 902/994/829 1357/1504/829 1359/1506/829
f 932/1026/829 930/1025/829 1358/1507/829 1360/1508/829
f 906/998/829 904/996/829 1359/1506/829 1361/1509/829
f 934/1028/829 932/1026/829 1360/1508/829 1077/1179/830
f 908/1000/829 906/998/829 1361/1509/829 1332/1478/829
f 1346/1492/829 1343/1489/829 1362/1510/829
f 1342/1488/829 1339/1485/829 1362/1511/829
f 1344/1490/829 1341/1487/829 1362/1511/829
f 1343/1489/829 1340/1486/829 1362/1510/829
f 1339/1485/829 1336/1482/829 1362/1511/829
f 1341/1487/829 1338/1484/829 1362/1511/829
f 1340/1486/829 1337/1483/829 1362/1510/829
f 1336/1482/829 1078/1180/830 1362/1511/829
f 1338/1484/829 1335/1481/829 1362/1511/829
f 1337/1483/829 1333/1479/829 1362/1510/829
f 1078/1180/830 1077/1179/830 1362/1511/829
f 1335/1481/829 1334/1480/829 1362/1511/829
f 1333/1479/829 1332/1478/829 1362/1510/829
f 1077/1179/830 1360/1508/829 1362/1511/829
f 1332/1478/829 1361/1509/829 1362/1510/829
f 1360/1508/829 1358/1507/829 1362/1511/829
f 1361/1509/829 1359/1506/829 1362/1510/829
f 1359/1506/829 1357/1504/829 1362/1510/829
f 1358/1505/829 1356/1503/830 1362/1510/829
f 1357/1504/829 1355/1502/830 1362/1510/829
f 1356/1503/830 1354/1500/829 1362/1510/829
f 1355/1502/830 1353/1501/829 1362/1510/829
f 1354/1500/829 1352/1498/829 1362/1510/829
f 1353/1499/829 1351/1497/829 1362/1511/829
f 1352/1498/829 1350/1496/829 1362/1510/829
f 1351/1497/829 1349/1495/830 1362/1511/829
f 1350/1496/829 1348/1494/829 1362/1510/829
f 1334/1480/829 1345/1491/829 1362/1511/829
f 1349/1495/830 1347/1493/829 1362/1511/829
f 1348/1494/829 1346/1492/829 1362/1510/829
f 1345/1491/829 1342/1488/829 1362/1511/829
f 1347/1493/829 1344/1490/829 1362/1511/829
f 1363/1512/1144 1364/1513/1144 1365/1514/1144 1366/1515/1144
f 1367/1516/1145 1363/1512/1145 1366/1515/1145 1368/1517/1145
f 1369/1518/1146 1370/1519/1146 1371/1520/1146 1372/1521/1146
f 1373/1522/1147 1374/1523/1147 1370/1519/1147 1369/1518/1147
